-- phpMyAdmin SQL Dump
-- version 5.2.1
-- https://www.phpmyadmin.net/
--
-- Host: mysql-photo
-- Generation Time: Nov 17, 2024 at 09:12 AM
-- Server version: 11.4.2-MariaDB-ubu2404
-- PHP Version: 8.2.8

SET SQL_MODE = "NO_AUTO_VALUE_ON_ZERO";
START TRANSACTION;
SET time_zone = "+00:00";


/*!40101 SET @OLD_CHARACTER_SET_CLIENT=@@CHARACTER_SET_CLIENT */;
/*!40101 SET @OLD_CHARACTER_SET_RESULTS=@@CHARACTER_SET_RESULTS */;
/*!40101 SET @OLD_COLLATION_CONNECTION=@@COLLATION_CONNECTION */;
/*!40101 SET NAMES utf8mb4 */;

--
-- Database: `photo_match`
--

-- --------------------------------------------------------

--
-- Table structure for table `admin`
--

CREATE TABLE `admin` (
  `admin_id` int(11) NOT NULL COMMENT 'รหัสผู้ดูแลระบบ',
  `admin_prefix` varchar(10) NOT NULL COMMENT 'คำนำหน้า',
  `admin_name` varchar(50) NOT NULL COMMENT 'ชื่อผู้ดูแลระบบ',
  `admin_surname` varchar(50) NOT NULL COMMENT 'นามสกุล',
  `admin_tell` varchar(10) NOT NULL COMMENT 'เบอร์โทรศัพท์',
  `admin_address` text NOT NULL COMMENT 'ที่อยู่',
  `admin_district` varchar(50) NOT NULL COMMENT 'อำเภอ',
  `admin_province` varchar(50) NOT NULL COMMENT 'จังหวัด',
  `admin_zip_code` varchar(5) NOT NULL COMMENT 'รหัสไปรษณีย์',
  `admin_email` varchar(100) NOT NULL COMMENT 'อีเมล',
  `admin_password` varchar(50) NOT NULL COMMENT 'รหัสผ่าน',
  `admin_photo` text NOT NULL COMMENT 'รูปภาพโปรไฟล์',
  `admin_license` tinyint(1) NOT NULL DEFAULT 1 COMMENT 'สิทธิ์การใช้งาน 0 : รออนุมัติสิทธิ์ 1 : มีสิทธิ์'
) ENGINE=InnoDB DEFAULT CHARSET=utf8mb4 COLLATE=utf8mb4_general_ci;

--
-- Dumping data for table `admin`
--

INSERT INTO `admin` (`admin_id`, `admin_prefix`, `admin_name`, `admin_surname`, `admin_tell`, `admin_address`, `admin_district`, `admin_province`, `admin_zip_code`, `admin_email`, `admin_password`, `admin_photo`, `admin_license`) VALUES
(1, 'นางสาว', 'พีรดา', 'แสนเสร็จ', '0968254382', '172/20 ม.6 ต.ในเมือง', 'อ.เมือง', 'จ.ขอนแก่น', '40000', 'aom15850@gmail.com', '22222', 'dev3.jpg', 1),
(2, 'นางสาว', 'นันทิยา', 'นารินรักษ์', '0981017265', '68/16 ', 'ในเมือง', 'โพนทอง', '40000', 'nantiya@gmail.com', '11111', 'dev2.jpg', 1);

-- --------------------------------------------------------

--
-- Table structure for table `booking`
--

CREATE TABLE `booking` (
  `booking_id` int(11) NOT NULL COMMENT 'รหัสจองคิว',
  `booking_location` text NOT NULL COMMENT 'สถานที่',
  `booking_price` float(8,2) DEFAULT NULL COMMENT 'ราคา',
  `booking_details` text NOT NULL COMMENT 'รายละเอียดการจอง',
  `booking_start_date` date NOT NULL COMMENT 'วันที่เริ่มจอง',
  `booking_end_date` date NOT NULL COMMENT 'วันที่สิ้นสุดการจอง',
  `booking_pay_status` tinyint(1) DEFAULT 0 COMMENT 'สถานะการชำระเงิน 0 : ยังไม่ชำระค่ามัดจำ 1 : รอยืนยันการชำระค่ามัดจำ 2 :  ยืนยันการชำระค่ามัดจำแล้ว 3 : ยังไม่ชำระเงิน 4 : รอยืนยันการชำระเงิน',
  `booking_start_time` time NOT NULL COMMENT 'เวลาเริ่มงาน',
  `booking_end_time` time NOT NULL COMMENT 'เวลาสิ้นสุด',
  `booking_date` date NOT NULL COMMENT 'วันที่บันทึก',
  `booking_confirm_status` tinyint(1) DEFAULT 0 COMMENT 'สถานะยืนยันการจอง 0 : รออนุมัติ 1 : อนุมัติแล้ว 2 : ไม่อนุมัติ 3:เสร็จสิ้น',
  `booking_note` text DEFAULT NULL COMMENT 'หมายเหตุการไม่รับงาน',
  `photographer_id` int(11) NOT NULL COMMENT 'รหัสช่างภาพ',
  `cus_id` int(11) NOT NULL COMMENT 'รหัสลูกค้า',
  `type_of_work_id` int(11) NOT NULL COMMENT 'รหัสประเภทการรับงาน'
) ENGINE=InnoDB DEFAULT CHARSET=utf8mb4 COLLATE=utf8mb4_general_ci;

--
-- Dumping data for table `booking`
--

INSERT INTO `booking` (`booking_id`, `booking_location`, `booking_price`, `booking_details`, `booking_start_date`, `booking_end_date`, `booking_pay_status`, `booking_start_time`, `booking_end_time`, `booking_date`, `booking_confirm_status`, `booking_note`, `photographer_id`, `cus_id`, `type_of_work_id`) VALUES
(1, 'ศูนย์ประชุมอเนกประสงค์กาญจนาภิเษก มหาวิทยาลัยขอนแก่', 12000.00, 'BamBam [BAMESIS] SHOWCASE TOUR in Khon Kaen', '2024-08-01', '2024-08-02', 5, '08:00:00', '16:00:00', '2024-07-28', 3, NULL, 2, 3, 7),
(2, 'โรงแรมพูลแมน 9, 9 ถนนประชาสำราญ, ในเมือง อำเภอเมือง, 40000 ขอนแก่น, ไทย', 4500.00, 'งานแต่งตุณรินกับคุณบอย', '2024-08-03', '2024-08-03', 5, '10:30:00', '14:30:00', '2024-07-30', 3, NULL, 2, 1, 1),
(3, 'โรงแรมพูลแมน 9, 9 ถนนประชาสำราญ, ในเมือง อำเภอเมือง, 40000 ขอนแก่น, ไทย', 5000.00, 'งานแต่งคุณคริสต์กับคุณพลอย', '2024-08-06', '2024-08-06', 5, '10:30:00', '14:30:00', '2024-07-30', 3, NULL, 2, 1, 1),
(4, 'โรงแรมพูลแมน 9, 9 ถนนประชาสำราญ, ในเมือง อำเภอเมือง, 40000 ขอนแก่น, ไทย', 7000.00, 'พรีเวดดิ้งคูรจอยกับคุณพริ้ม', '2024-08-13', '2024-08-13', 5, '10:30:00', '14:30:00', '2024-07-31', 3, NULL, 2, 2, 3),
(5, 'ศูนย์ประชุมอเนกประสงค์กาญจนาภิเษก มหาวิทยาลัยขอนแก่', 8000.00, 'BamBam [BAMESIS] SHOWCASE TOUR in Khon Kaen', '2024-08-04', '2024-08-04', 5, '08:00:00', '16:00:00', '2024-07-28', 3, NULL, 1, 2, 7),
(6, 'โรงแรมพูลแมน 9, 9 ถนนประชาสำราญ, ในเมือง อำเภอเมือง, 40000 ขอนแก่น, ไทย', 4500.00, 'งานแต่งตุณรินกับคุณบอย', '2024-08-05', '2024-08-05', 5, '10:30:00', '14:30:00', '2024-08-01', 3, NULL, 1, 2, 1),
(7, 'โรงแรมพูลแมน 9, 9 ถนนประชาสำราญ, ในเมือง อำเภอเมือง, 40000 ขอนแก่น, ไทย', 5000.00, 'งานแต่งคุณคริสต์กับคุณพลอย', '2024-08-06', '2024-08-06', 5, '10:30:00', '14:30:00', '2024-08-02', 3, NULL, 1, 2, 1),
(8, 'โรงแรมพูลแมน 9, 9 ถนนประชาสำราญ, ในเมือง อำเภอเมือง, 40000 ขอนแก่น, ไทย', NULL, 'พรีเวดดิ้งคูรจอยกับคุณพริ้ม', '2024-08-15', '2024-08-15', 0, '10:30:00', '14:30:00', '2024-08-03', 2, 'มีธุระด่วนกระทันหัน', 1, 2, 3),
(9, 'ศูนย์ประชุมอเนกประสงค์กาญจนาภิเษก มหาวิทยาลัยขอนแก่', 12000.00, 'BamBam [BAMESIS] SHOWCASE TOUR in Khon Kaen', '2024-08-22', '2024-08-23', 5, '08:00:00', '16:00:00', '2024-08-20', 3, NULL, 3, 3, 7),
(10, 'โรงแรมพูลแมน 9, 9 ถนนประชาสำราญ, ในเมือง อำเภอเมือง, 40000 ขอนแก่น, ไทย', NULL, 'งานแต่งตุณรินกับคุณบอย', '2024-08-24', '2024-08-24', 0, '10:30:00', '14:30:00', '2024-08-20', 2, 'ไม่ว่างครับ', 3, 3, 1),
(11, 'โรงแรมพูลแมน 9, 9 ถนนประชาสำราญ, ในเมือง อำเภอเมือง, 40000 ขอนแก่น, ไทย', 4500.00, 'งานแต่งคุณคริสต์กับคุณพลอย', '2024-08-26', '2024-08-26', 5, '10:30:00', '14:30:00', '2024-08-26', 3, NULL, 3, 3, 1),
(12, 'โรงแรมพูลแมน 9, 9 ถนนประชาสำราญ, ในเมือง อำเภอเมือง, 40000 ขอนแก่น, ไทย', 7000.00, 'พรีเวดดิ้งคูรจอยกับคุณพริ้ม', '2024-08-30', '2024-08-30', 5, '10:30:00', '14:30:00', '2024-08-29', 3, NULL, 3, 3, 3),
(13, 'ศูนย์ประชุมอเนกประสงค์กาญจนาภิเษก มหาวิทยาลัยขอนแก่', NULL, 'BamBam [BAMESIS] SHOWCASE TOUR in Khon Kaen', '2024-09-01', '2024-09-02', 0, '08:00:00', '16:00:00', '2024-08-30', 2, 'ไม่ว่างครับ', 3, 3, 7),
(14, 'โรงแรมพูลแมน 9, 9 ถนนประชาสำราญ, ในเมือง อำเภอเมือง, 40000 ขอนแก่น, ไทย', 5000.00, 'งานแต่งตุณรินกับคุณบอย', '2024-09-03', '2024-09-03', 5, '10:30:00', '14:30:00', '2024-09-02', 3, NULL, 1, 2, 1),
(15, 'โรงแรมพูลแมน 9, 9 ถนนประชาสำราญ, ในเมือง อำเภอเมือง, 40000 ขอนแก่น, ไทย', 4500.00, 'งานแต่งคุณคริสต์กับคุณพลอย', '2024-09-04', '2024-09-04', 5, '10:30:00', '14:30:00', '2024-09-01', 3, NULL, 3, 3, 1),
(16, 'โรงแรมพูลแมน 9, 9 ถนนประชาสำราญ, ในเมือง อำเภอเมือง, 40000 ขอนแก่น, ไทย', NULL, 'พรีเวดดิ้งคูรจอยกับคุณพริ้ม', '2024-09-06', '2024-09-06', 0, '10:30:00', '14:30:00', '2024-09-05', 2, 'มีธุระ', 1, 2, 3),
(17, 'โรงแรมพูลแมน 9, 9 ถนนประชาสำราญ, ในเมือง อำเภอเมือง, 40000 ขอนแก่น, ไทย', NULL, 'พรีเวดดิ้งคูรจอยกับคุณพริ้ม', '2024-09-06', '2024-09-06', 0, '10:30:00', '14:30:00', '2024-09-05', 0, NULL, 4, 4, 3),
(18, 'โรงแรมพูลแมน 9, 9 ถนนประชาสำราญ, ในเมือง อำเภอเมือง, 40000 ขอนแก่น, ไทย', NULL, 'งานแต่งคุณคริสต์กับคุณพลอย', '2024-09-04', '2024-09-04', 0, '10:30:00', '14:30:00', '2024-09-01', 0, NULL, 4, 4, 1),
(19, 'โรงแรมพูลแมน 9, 9 ถนนประชาสำราญ, ในเมือง อำเภอเมือง, 40000 ขอนแก่น, ไทย', NULL, 'งานแต่งตุณรินกับคุณบอย', '2024-09-03', '2024-09-03', 0, '10:30:00', '14:30:00', '2024-09-02', 0, NULL, 4, 4, 1),
(20, 'ศูนย์ประชุมอเนกประสงค์กาญจนาภิเษก มหาวิทยาลัยขอนแก่', NULL, 'BamBam [BAMESIS] SHOWCASE TOUR in Khon Kaen', '2024-09-01', '2024-09-02', 0, '08:00:00', '16:00:00', '2024-08-30', 0, NULL, 4, 4, 7),
(21, 'โรงแรมพูลแมน 9, 9 ถนนประชาสำราญ, ในเมือง อำเภอเมือง, 40000 ขอนแก่น, ไทย', NULL, 'พรีเวดดิ้งคูรจอยกับคุณพริ้ม', '2024-08-30', '2024-08-30', 0, '10:30:00', '14:30:00', '2024-08-29', 0, NULL, 4, 4, 3),
(22, 'โรงแรมพูลแมน 9, 9 ถนนประชาสำราญ, ในเมือง อำเภอเมือง, 40000 ขอนแก่น, ไทย', NULL, 'งานแต่งคุณคริสต์กับคุณพลอย', '2024-08-26', '2024-08-26', 0, '10:30:00', '14:30:00', '2024-08-26', 0, NULL, 4, 4, 1),
(23, 'โรงแรมพูลแมน 9, 9 ถนนประชาสำราญ, ในเมือง อำเภอเมือง, 40000 ขอนแก่น, ไทย', NULL, 'งานแต่งตุณรินกับคุณบอย', '2024-08-24', '2024-08-24', 0, '10:30:00', '14:30:00', '2024-08-20', 0, NULL, 4, 4, 1),
(24, 'ศูนย์ประชุมอเนกประสงค์กาญจนาภิเษก มหาวิทยาลัยขอนแก่', 12000.00, 'BamBam [BAMESIS] SHOWCASE TOUR in Khon Kaen', '2024-08-22', '2024-08-23', 5, '08:00:00', '16:00:00', '2024-08-20', 3, NULL, 5, 5, 7),
(25, 'โรงแรมพูลแมน 9, 9 ถนนประชาสำราญ, ในเมือง อำเภอเมือง, 40000 ขอนแก่น, ไทย', 7000.00, 'พรีเวดดิ้งคูรจอยกับคุณพริ้ม', '2024-08-15', '2024-08-15', 5, '10:30:00', '14:30:00', '2024-08-03', 3, NULL, 5, 5, 3),
(26, 'โรงแรมพูลแมน 9, 9 ถนนประชาสำราญ, ในเมือง อำเภอเมือง, 40000 ขอนแก่น, ไทย', 7000.00, 'พรีเวดดิ้งคูรจอยกับคุณพริ้ม', '2024-08-13', '2024-08-13', 5, '10:30:00', '14:30:00', '2024-07-31', 3, NULL, 5, 5, 3),
(27, 'โรงแรมพูลแมน 9, 9 ถนนประชาสำราญ, ในเมือง อำเภอเมือง, 40000 ขอนแก่น, ไทย', 4500.00, 'งานแต่งคุณคริสต์กับคุณพลอย', '2024-08-06', '2024-08-06', 5, '10:30:00', '14:30:00', '2024-07-30', 3, NULL, 5, 5, 1),
(28, 'โรงแรมพูลแมน 9, 9 ถนนประชาสำราญ, ในเมือง อำเภอเมือง, 40000 ขอนแก่น, ไทย', 4500.00, 'งานแต่งคุณคริสต์กับคุณพลอย', '2024-09-05', '2024-09-05', 5, '10:30:00', '14:30:00', '2024-08-02', 3, NULL, 5, 5, 1),
(29, 'โรงแรมพูลแมน 9, 9 ถนนประชาสำราญ, ในเมือง อำเภอเมือง, 40000 ขอนแก่น, ไทย', 4500.00, 'งานแต่งตุณรินกับคุณบอย', '2024-08-05', '2024-08-05', 5, '10:30:00', '14:30:00', '2024-08-01', 3, NULL, 5, 5, 1),
(30, 'ศูนย์ประชุมอเนกประสงค์กาญจนาภิเษก มหาวิทยาลัยขอนแก่', NULL, 'BamBam [BAMESIS] SHOWCASE TOUR in Khon Kaen', '2024-08-04', '2024-08-04', 0, '08:00:00', '16:00:00', '2024-07-28', 0, NULL, 4, 4, 7),
(31, 'โรงแรมพูลแมน 9, 9 ถนนประชาสำราญ, ในเมือง อำเภอเมือง, 40000 ขอนแก่น, ไทย', NULL, 'งานแต่งตุณรินกับคุณบอย', '2024-08-03', '2024-08-03', 0, '10:30:00', '14:30:00', '2024-07-30', 0, NULL, 4, 4, 1),
(32, 'ศูนย์ประชุมอเนกประสงค์กาญจนาภิเษก มหาวิทยาลัยขอนแก่', NULL, 'BamBam [BAMESIS] SHOWCASE TOUR in Khon Kaen', '2024-08-01', '2024-08-02', 0, '08:00:00', '16:00:00', '2024-07-28', 0, NULL, 4, 4, 7),
(33, 'เขาใหญ่ นครราชสีมา', 24000.00, 'งานคอนเสริ์ต', '2024-10-04', '2024-10-07', 5, '08:00:00', '16:00:00', '2024-10-04', 3, NULL, 2, 1, 7),
(34, 'สตูดิโอขอนแก่น', NULL, 'ถ่ายรูปชุดครุยติดบัตร', '2024-10-05', '2024-10-05', 0, '06:00:00', '14:00:00', '2024-10-04', 0, NULL, 6, 1, 5),
(35, 'วัดบ้านดอนจำปา', 6500.00, 'ที่หมู่บ้านตอนจำปา งานบวช', '2024-10-05', '2024-10-05', 5, '09:30:00', '17:30:00', '2024-10-04', 3, NULL, 5, 3, 2),
(36, 'โบสถ์มหาไถ่ขอนแก่น', 9000.00, 'งานแต่งพิธีเช้าอยู่ที่โบสถ์', '2024-10-06', '2024-10-06', 5, '10:00:00', '18:00:00', '2024-10-04', 3, NULL, 1, 4, 1),
(37, 'สตูดิโอขอนแก่น', 15000.00, 'สินค้าครีมทาผิว', '2024-10-05', '2024-10-05', 5, '10:04:00', '14:04:00', '2024-10-04', 3, NULL, 1, 2, 6),
(38, 'สตูดิโอขอนแก่น', 15000.00, 'สินค้าครีมทาผิว', '2024-10-04', '2024-10-04', 5, '09:10:00', '13:10:00', '2024-10-04', 3, NULL, 1, 4, 6),
(39, 'มทรขขอนแก่น', 5000.00, 'ขอนัดเจอตึก19 คณะวิศวะ', '2024-10-06', '2024-10-06', 5, '10:00:00', '18:00:00', '2024-10-04', 3, NULL, 3, 5, 4),
(40, 'โรงแรมอวานี', 288000.00, '2 วัน งานหมั้น1วัน งานแต่ง1วัน', '2024-09-04', '2024-10-05', 5, '09:50:00', '17:50:00', '2024-10-04', 3, NULL, 3, 1, 1),
(41, 'วัดสารคาม', 3000.00, 'อยากให้ญาติๆด้วย', '2024-09-06', '2024-09-06', 5, '09:03:00', '13:03:00', '2024-10-04', 3, NULL, 3, 1, 2),
(42, 'สตูดิโอขอนแก่น', 372000.00, 'ห้อง2 ชั้น3', '2024-09-10', '2024-10-10', 5, '09:00:00', '17:00:00', '2024-10-04', 3, NULL, 3, 3, 3),
(43, 'มทรขขอนแก่น', 3000.00, 'ขอถ่ายแค่ช่วงเช้า', '2024-09-11', '2024-09-11', 5, '09:21:00', '13:21:00', '2024-10-04', 3, NULL, 3, 1, 4),
(44, 'เซนทรัลขอนแก่น', 1500.00, 'ถ่ายตรงลานจอดรถ', '2024-10-12', '2024-10-12', 5, '13:30:00', '17:30:00', '2024-10-04', 3, NULL, 3, 2, 5),
(45, 'ป่ากลางเมืองคาเฟ่', 1500.00, 'เจอกันหน้าร้านค่ะ', '2024-09-21', '2024-09-21', 5, '10:00:00', '14:00:00', '2024-10-04', 3, NULL, 3, 1, 5),
(46, 'สตูดิโอขอนแก่น', 25000.00, 'ถ่ายสินค้าครีมทาหน้า สตูดิโอ1', '2024-09-22', '2024-09-22', 5, '08:30:00', '16:30:00', '2024-10-04', 3, NULL, 3, 1, 6),
(47, 'โรงแรมพูลแมนขอนแก่น', 9000.00, 'งานจัดที่ห้องประชุมชั้น3', '2024-09-23', '2024-09-23', 5, '10:30:00', '18:30:00', '2024-10-04', 1, NULL, 3, 2, 1),
(48, 'วัดสว่างอุดมจังหวัดมหาสารคาม', 3000.00, 'งานเช้า ขอถ่ายภาพรวมด้วยนะคะ', '2024-09-24', '2024-09-24', 5, '09:30:00', '13:30:00', '2024-10-04', 1, NULL, 3, 2, 2),
(49, 'เขื่อนอุบลรัตน์ ', 7000.00, 'เจอกันลาดนับดาว', '2024-09-25', '2024-09-25', 5, '13:00:00', '17:00:00', '2024-10-04', 1, NULL, 3, 2, 3),
(50, 'มหาวิทยาลัยขขอนแก่น', 5000.00, 'ขอเจอที่ตึกเทคโนโลยีดิจิทัล', '2024-09-26', '2024-09-26', 5, '08:00:00', '16:00:00', '2024-10-04', 1, NULL, 3, 2, 4),
(51, 'มหาวิทยาลัยขขอนแก่น', 3000.00, 'เจอกันตึกวิทยาการ', '2024-09-27', '2024-09-27', 5, '09:00:00', '13:00:00', '2024-10-04', 1, NULL, 3, 2, 4),
(52, 'มทรขขอนแก่น', 1500.00, 'ถ่ายรูปกับชุดนักศึกษา', '2024-09-28', '2024-09-28', 5, '10:00:00', '14:00:00', '2024-10-04', 1, NULL, 3, 2, 5),
(53, 'เซนทรัลขอนแก่น', 6000.00, 'คอนเสริตร้องเพลง', '2024-09-29', '2024-09-29', 5, '13:41:00', '21:41:00', '2024-10-04', 3, NULL, 3, 2, 7),
(54, 'วัดปทุมวนาราม กรุงเทพ', 3000.00, 'วันงานมีญาติๆเยอะหน่อยรบกวนถ่ายญาติให้ด้วย', '2024-09-07', '2024-09-07', 5, '06:30:00', '10:30:00', '2024-10-05', 3, NULL, 1, 4, 2),
(55, 'โรงแรมอวานี', 9000.00, 'ประชุมชั้น2', '2024-09-10', '2024-09-10', 5, '10:30:00', '18:30:00', '2024-10-05', 3, NULL, 1, 4, 1),
(56, ' The Miracle Studio', 7000.00, 'ถ่าย2ชุดแต่งงาน ', '2024-09-12', '2024-09-12', 5, '15:30:00', '19:30:00', '2024-10-05', 3, NULL, 1, 4, 3),
(57, 'มหาวิทยาลัยเทคโนโลยีราชมงคลกรุงเทพ', 5000.00, 'วันจริงงานรับปริญญา', '2024-09-29', '2024-09-29', 5, '06:30:00', '14:30:00', '2024-10-05', 3, NULL, 1, 4, 4),
(58, 'The Blooming Gallery', 1500.00, 'ถ่ายรูปกับดอกไม้', '2024-09-30', '2024-09-30', 5, '13:30:00', '17:30:00', '2024-10-05', 3, NULL, 1, 4, 5),
(59, 'สตูดโอกรุงเทพ', 15000.00, 'เป็นครีมทาผิว', '2024-09-28', '2024-09-28', 5, '10:30:00', '14:30:00', '2024-10-05', 3, NULL, 1, 4, 6),
(60, 'งานอีสานเขียว เขื่อนอุบลรัตน์ขอนแก่น', 6000.00, 'ถ่ายโปรโมทงาน', '2024-09-26', '2024-09-26', 5, '10:30:00', '18:30:00', '2024-10-05', 3, NULL, 1, 4, 7),
(61, 'KICE International Convention and Exhibition Center', 9000.00, 'ติดโลตัสขอนแก่น', '2024-09-05', '2024-09-05', 5, '10:52:00', '18:52:00', '2024-10-05', 3, NULL, 2, 2, 1),
(62, 'วัดหนองแวงขอนแก่น', 6500.00, 'ที่วัด9ชั้น ', '2024-09-06', '2024-09-06', 5, '06:00:00', '14:00:00', '2024-10-05', 3, NULL, 2, 2, 2),
(63, 'สตูดิโอขอนแก่น', 14000.00, 'ถ่ายที่สตูชั้น1', '2024-09-09', '2024-09-10', 5, '10:00:00', '14:00:00', '2024-10-05', 3, NULL, 2, 2, 3),
(64, 'มทรขขอนแก่น', 3000.00, 'วันซ้อมช่วงเช้า', '2024-09-11', '2024-09-11', 5, '08:00:00', '12:00:00', '2024-10-05', 3, NULL, 2, 2, 4),
(65, 'สตูดิโอขอนแก่น', 1500.00, 'ถ่ายรูปติดบัตร', '2024-09-20', '2024-09-20', 5, '06:59:00', '10:59:00', '2024-10-05', 3, NULL, 2, 2, 5),
(66, 'รื่นรมย์ สตูดิโอขอนแก่น', 25000.00, 'สินค้าครีมทาผิว', '2024-09-29', '2024-09-29', 5, '10:00:00', '18:00:00', '2024-10-06', 3, NULL, 2, 2, 6),
(67, 'ต้นตาลขอนแก่น', 3400.00, 'คอนเสริต์นักร้อง', '2024-09-30', '2024-09-30', 5, '19:02:00', '03:02:00', '2024-10-06', 3, NULL, 2, 2, 7),
(68, 'Laguna Grand Hotel & Spa Songkhla', NULL, 'ชั้นB', '2024-09-13', '2024-09-13', 0, '09:30:00', '13:30:00', '2024-10-06', 2, 'เดินทางไม่สะดวก', 5, 1, 1),
(69, 'วัดป่า', 3000.00, 'งานบวชน้องชาย', '2024-09-24', '2024-09-24', 5, '10:28:00', '14:28:00', '2024-10-06', 3, NULL, 5, 1, 2),
(70, 'วัดป่า', NULL, 'งานบวชน้องชาย', '2024-09-25', '2024-09-25', 0, '10:28:00', '14:28:00', '2024-10-06', 2, 'งานชนกัน', 5, 1, 2),
(71, 'Chem & Sisah Wedding Studio', 12000.00, 'ขอถ่าย2แบบ', '2024-09-30', '2024-09-30', 5, '10:34:00', '18:34:00', '2024-10-06', 3, NULL, 5, 1, 3),
(72, 'โรงแรมพอใจ', 9000.00, 'ห้องประชุมชั้นB', '2024-09-21', '2024-09-21', 5, '10:30:00', '18:30:00', '2024-10-06', 3, NULL, 3, 4, 1),
(73, 'วัดอุดมสมบูรณ์', 3000.00, 'รับประทานอาหารช่วงเช้าได้เลยนะคะ', '2024-09-07', '2024-09-07', 5, '06:53:00', '10:53:00', '2024-10-06', 3, NULL, 3, 4, 2),
(74, 'สตูดิโอขอนแก่น', NULL, 'ถ่าย2ชุด', '2024-09-08', '2024-09-08', 0, '10:30:00', '14:30:00', '2024-10-06', 2, '', 3, 4, 3),
(75, 'มหาวิทยาลัยเทคโนโลยีราชมงคลศรีวิชัย RUTS มทร.ศรีวิชัย', 3000.00, 'วันซ้อม', '2024-09-09', '2024-09-09', 5, '10:56:00', '14:56:00', '2024-10-06', 3, NULL, 3, 4, 4),
(76, 'สตูดิโอ', 1500.00, 'ชั้น2 ห้องแรก', '2024-09-10', '2024-09-10', 5, '13:30:00', '17:30:00', '2024-10-06', 3, NULL, 3, 4, 5),
(77, 'สตูดิโอรื่นรม', 25000.00, 'สินค้าครีมทาผิว', '2024-09-14', '2024-09-14', 5, '10:59:00', '18:59:00', '2024-10-06', 3, NULL, 3, 4, 6),
(78, 'เซนทรัลขอนแก่น', 3400.00, 'ถ่ายรูปให้กับน้องๆเชียร์เบียร์และกิจกรรมในงาน', '2024-09-22', '2024-09-22', 5, '08:01:00', '12:01:00', '2024-10-07', 3, NULL, 3, 4, 7),
(79, 'A\' GAVE GALA ', NULL, 'ขอให้มาตรงเวลา', '2024-09-07', '2024-09-07', 0, '06:16:00', '14:16:00', '2024-10-07', 2, 'เดินทางไม่สะดวก', 1, 5, 1),
(80, 'งานคอนเสร์ต', NULL, 'ถ่ายโจอี้บอยและบรรยากาศงาน', '2024-09-30', '2024-09-30', 0, '21:18:00', '05:18:00', '2024-10-07', 2, 'เดินทางไมะสะดวก', 1, 5, 7),
(81, 'วัดอรุณราชวราราม ราชวรมหาวิหาร', NULL, 'ถ่ายรวมญาติให้ด้วยนะคะ', '2024-09-08', '2024-09-08', 0, '06:21:00', '10:21:00', '2024-10-07', 2, 'ลูกค้าลงงานซ้ำกัน', 1, 5, 2),
(82, 'วัดอรุณราชวราราม ราชวรมหาวิหาร', 3000.00, 'รบกวนถ่ายรูปรวมญาติด้วยนะคะ', '2024-09-25', '2024-09-25', 5, '06:25:00', '10:25:00', '2024-10-07', 3, NULL, 1, 5, 2),
(83, 'Ryn Studio ', 7000.00, 'ถ่ายในสตู ชั้นแรก', '2024-09-11', '2024-09-11', 5, '10:27:00', '14:27:00', '2024-10-07', 3, NULL, 1, 5, 3),
(84, 'มทรกรุงเทพ', 3000.00, 'ถ่ายวันจริงช่วงเช้า ', '2024-09-12', '2024-09-12', 5, '08:29:00', '12:29:00', '2024-10-07', 3, NULL, 1, 5, 4),
(85, 'Maneemejai\'s Home Space', 1500.00, 'ถ่ายสไตล์สาวหวานขี้เล่นแต่ก็มีความแก่นเซี้ยว ', '2024-09-18', '2024-09-18', 5, '10:30:00', '14:30:00', '2024-10-07', 3, NULL, 1, 5, 5),
(86, 'Benedict Studio', 15000.00, 'สินค้าดอกไม้', '2024-09-23', '2024-09-23', 5, '11:32:00', '15:32:00', '2024-10-07', 3, NULL, 1, 5, 6),
(87, 'มทรกรุงเทพ', 5000.00, 'ถ่ายลูกสาววันจริง', '2024-09-07', '2024-09-07', 5, '08:53:00', '16:53:00', '2024-10-07', 3, NULL, 1, 7, 4),
(88, 'Ryn Studio ', 15000.00, 'ชั้นB ถ่ายรูปสินค้าครีมทาผิว', '2024-09-12', '2024-09-12', 5, '09:30:00', '13:30:00', '2024-10-07', 3, NULL, 1, 7, 6),
(89, 'โบสถ์คริสต์', NULL, 'งานแต่งพี่สาว', '2024-09-09', '2024-09-09', 0, '10:06:00', '14:06:00', '2024-10-07', 0, NULL, 2, 0, 1),
(90, 'โบสถ์คริสต์', 4500.00, 'งานแต่งพี่สาว', '2024-09-07', '2024-09-07', 5, '10:07:00', '14:07:00', '2024-10-07', 3, NULL, 2, 3, 1),
(91, 'อีสาวเขียวขอนแก่น', 6000.00, 'ถ่าบรรยายกาศภายในงาน', '2024-09-14', '2024-09-14', 5, '10:09:00', '18:09:00', '2024-10-07', 3, NULL, 2, 3, 7),
(92, 'โรงแรมพลูแมน', 4500.00, 'ถ่ายเจ้าสาวกับเจ้าบ่าวเยอะๆ', '2024-09-23', '2024-09-23', 5, '10:17:00', '14:17:00', '2024-10-07', 3, NULL, 5, 7, 1),
(93, 'วัดปาจำปาสารคาม', 6500.00, 'วัดป่าที่จังหวัดมหาสารคาม', '2024-09-27', '2024-09-27', 5, '06:18:00', '14:18:00', '2024-10-07', 3, NULL, 5, 7, 2),
(94, 'สตูดิโอขอนแก่น', 348000.00, 'ถ่ายรูปชุดไทยและชุดเจ้าสาว', '2024-10-26', '2024-09-28', 5, '10:19:00', '18:19:00', '2024-10-07', 3, NULL, 5, 7, 3),
(95, 'Maneemejai’s Home Space', 7000.00, 'ชั้นB ห้อง1', '2024-10-02', '2024-10-02', 5, '10:30:00', '14:30:00', '2024-10-07', 3, NULL, 5, 1, 3),
(96, 'โรงแรมเจริญธานี 260 ถนนศรีจันทร์ ตำบลในเมือง อำเภอเมืองขอนแก่น ขอนแก่น 40000', NULL, 'งานแต่ง', '2024-10-09', '2024-10-09', 0, '08:00:00', '12:00:00', '2024-10-08', 2, 'ไม่สะดวกครับ', 2, 2, 1),
(97, 'โรงแรมเจริญธานี 260 ถนนศรีจันทร์ ตำบลในเมือง อำเภอเมืองขอนแก่น ขอนแก่น 40000', NULL, 'ถ่ายคุณกิ๊บ', '2024-10-09', '2024-10-09', 0, '13:00:00', '17:00:00', '2024-10-08', 2, 'ไม่สะดวก', 2, 1, 5),
(98, 'โรงแรมเจริญธานี 260 ถนนศรีจันทร์ ตำบลในเมือง อำเภอเมืองขอนแก่น ขอนแก่น 40000', 13000.00, 'อีเว้นท์', '2024-10-09', '2024-10-10', 2, '08:30:00', '16:30:00', '2024-10-08', 1, NULL, 2, 1, 7),
(99, 'วัดหนองแวง, อำเภอเมืองขอนแก่น ขอนแก่น 40000', 3000.00, 'งานบวช', '2024-10-07', '2024-10-07', 4, '06:41:00', '10:41:00', '2024-10-08', 1, NULL, 2, 2, 2);

-- --------------------------------------------------------

--
-- Table structure for table `customer`
--

CREATE TABLE `customer` (
  `cus_id` int(11) NOT NULL COMMENT 'รหัสลูกค้า',
  `cus_prefix` varchar(10) NOT NULL COMMENT 'คำนำหน้า',
  `cus_name` varchar(50) NOT NULL COMMENT 'ชื่อลูกค้า',
  `cus_surname` varchar(50) NOT NULL COMMENT 'นามสกุล',
  `cus_tell` varchar(10) NOT NULL COMMENT 'เบอร์โทรศัพท์',
  `cus_address` text NOT NULL COMMENT 'ที่อยู่',
  `cus_district` varchar(50) NOT NULL COMMENT 'อำเภอ',
  `cus_province` varchar(50) NOT NULL COMMENT 'จังหวัด',
  `cus_zip_code` varchar(5) NOT NULL COMMENT 'รหัสไปรษณีย์',
  `cus_email` varchar(100) NOT NULL COMMENT 'อีเมล',
  `cus_password` varchar(50) NOT NULL COMMENT 'รหัสผ่าน',
  `cus_photo` text NOT NULL COMMENT 'รูปภาพโปรไฟล์',
  `cus_license` tinyint(1) NOT NULL DEFAULT 0 COMMENT 'สิทธิ์การใช้งาน 0 : รออนุมัติสิทธิ์ 1 : มีสิทธิ์'
) ENGINE=InnoDB DEFAULT CHARSET=utf8mb4 COLLATE=utf8mb4_general_ci;

--
-- Dumping data for table `customer`
--

INSERT INTO `customer` (`cus_id`, `cus_prefix`, `cus_name`, `cus_surname`, `cus_tell`, `cus_address`, `cus_district`, `cus_province`, `cus_zip_code`, `cus_email`, `cus_password`, `cus_photo`, `cus_license`) VALUES
(1, 'นางสาว', 'เพ็ญพิสุทธิ์ ', 'พงษ์สถิตย์พัฒน์', '0845546452', '199/16', 'ในเมือง', 'ขอนแก่น', '40000', 'Ai@gmail.com', '415415', '02_08_2024_00_35_56-363830038_6308727259247820_162284268974434241_n.jpg', 1),
(2, 'นางสาว', 'นงนภัส', 'ศรีวงค์จันทร์', '0883456789', '156/89', 'ในเมือง', 'ขอนแก่น', '40000', 'Nong@gmail.com', '425425', '02_08_2024_00_47_20-416026944_1568288437042268_8183336487898886179_n.jpg', 1),
(3, 'นาย', 'จักรวิทช์', 'แดนสีแก้ว', '0804408657', '321/55', 'ในเมือง', 'มหาสารคาม', '44000', 'Maeowat@gmail.com', '080440', '02_08_2024_00_50_52-433622656_1599743940578233_7546154120074589220_n (1).jpg', 1),
(4, 'นางสาว', 'นิธิภรณ์', 'เตี๊ยมสุขประเสริฐ', '0943822108', '68/19', 'ในเมือง', 'ขอนแก่น', '40000', 'Ni@gmail.com', '22108', '02_08_2024_00_55_10-367491948_9855827564492585_7232432117981420861_n.jpg', 1),
(5, 'นางสาว', 'พันนิพา', 'จันทรืโสม', '0616768815', '897/321', 'ในเมือง', 'ขอนแก่น', '40000', 'blue@gmail.com', '68815', '02_08_2024_00_59_24-365412133_1401841590674044_4440994687806038845_n.jpg', 1),
(6, 'นาย', 'นพดล', 'ภาพพจน์', '0876543210', '456/78 หมู่บ้านเขตสำโรง ถนนพหลโยธิน', 'ลำลูกกา', 'กรุงเทพมหานคร', '12130', 'nopadon.photart@gmail.com', '03333', 'img/profile/02_08_2024_01_07_36-ช่างภาพคนที่2.jpg', 1),
(7, 'นาย', 'อรทัย', 'สีสะอาด', '0654452369', '456/789', 'เมือง', 'ร้อยเอ็ด', '45110', 'pratchayapol2543@gmail.com', '11111', 'img/profile/02_08_2024_01_18_33-pexels-viridianaor-27453425.jpg', 1),
(8, 'นาย', 'กิตติ', 'พงศ์ประเสริฐ', '0812345678', '123/45 หมู่ 4 ถนนสุริยวงศ์ ตำบลบางกะปิ เขตบางกะปิ กรุงเทพมหานคร', 'บางกะปิ', 'กรุงเทพมหานคร', '10240', 'kitti.pong@gmail.com', 'P@ssw0rd123', '27_09_2024_22_19_05-asian-man-1468032_1280.jpg', 2);

-- --------------------------------------------------------

--
-- Table structure for table `information`
--

CREATE TABLE `information` (
  `information_id` int(11) NOT NULL COMMENT 'รหัสระบบ',
  `information_name` varchar(50) NOT NULL COMMENT 'ชื่อระบบ',
  `information_icon` text NOT NULL COMMENT 'โลโก้ระบบ',
  `information_caption` text NOT NULL COMMENT 'คำอธิบาย'
) ENGINE=InnoDB DEFAULT CHARSET=utf8mb4 COLLATE=utf8mb4_general_ci;

--
-- Dumping data for table `information`
--

INSERT INTO `information` (`information_id`, `information_name`, `information_icon`, `information_caption`) VALUES
(1, 'PhotoMatch', '01_08_2024_17_23_56-White And Black Modern Abstract Beauty Logo.png', 'เว็บไซต์ที่จะช่วยคุณหาช่างภาพที่คุณต้องการ');

-- --------------------------------------------------------

--
-- Table structure for table `pay`
--

CREATE TABLE `pay` (
  `pay_id` int(11) NOT NULL COMMENT 'รหัสชำระเงิน',
  `pay_date` date NOT NULL COMMENT 'วันที่',
  `pay_time` time DEFAULT NULL COMMENT 'เวลา',
  `pay_type` varchar(50) NOT NULL COMMENT 'ประเภทการชำระเงิน',
  `pay_bank` varchar(50) DEFAULT NULL COMMENT 'ธนาคาร',
  `pay_slip` text DEFAULT NULL COMMENT 'หลักฐานการโอน',
  `pay_status` tinyint(1) DEFAULT NULL COMMENT 'สถานะการชำระเงิน\r\n0 : ชำระค่ามัดจำ 1 : ชำระเงิน',
  `booking_id` int(11) NOT NULL COMMENT 'รหัสจองคิว'
) ENGINE=InnoDB DEFAULT CHARSET=utf8mb4 COLLATE=utf8mb4_general_ci;

--
-- Dumping data for table `pay`
--

INSERT INTO `pay` (`pay_id`, `pay_date`, `pay_time`, `pay_type`, `pay_bank`, `pay_slip`, `pay_status`, `booking_id`) VALUES
(1, '2024-10-04', '10:58:00', 'ชำระเงินสด', NULL, NULL, 0, 11),
(2, '2024-08-01', '11:17:00', 'ชำระเงินโอน', 'ธนาคารกสิกรไทย', 'mail.jpg', 0, 1),
(3, '2024-08-04', '11:26:00', 'ชำระเงินโอน', 'ธนาคารกสิกรไทย', 'm2.jpg', 1, 1),
(4, '2024-08-22', '12:50:00', 'ชำระเงินโอน', 'ธนาคารกสิกรไทย', 'm1.jpg', 0, 9),
(5, '2024-08-22', '12:57:00', 'ชำระเงินโอน', 'ธนาคารกสิกรไทย', 'm3.jpg', 1, 9),
(7, '2024-08-30', '13:00:00', 'ชำระเงินโอน', 'ธนาคารกสิกรไทย', 'S__21815318.jpg', 0, 12),
(8, '2024-09-03', '13:02:00', 'ชำระเงินสด', NULL, NULL, 0, 15),
(9, '2024-08-28', '13:10:00', 'ชำระเงินสด', NULL, NULL, 1, 12),
(10, '2024-09-02', '13:11:00', 'ชำระเงินสด', NULL, NULL, 1, 15),
(11, '2024-09-02', '13:11:00', 'ชำระเงินสด', NULL, NULL, 1, 15),
(12, '2024-08-25', '13:12:00', 'ชำระเงินสด', NULL, NULL, 1, 11),
(14, '2024-08-02', '13:23:00', 'ชำระเงินโอน', 'ธนาคารกสิกรไทย', '..jpg', 0, 2),
(15, '2024-08-05', '13:23:00', 'ชำระเงินสด', NULL, NULL, 0, 3),
(16, '2024-08-04', '13:26:00', 'ชำระเงินโอน', 'ธนาคารกสิกรไทย', '1.2.jpg', 1, 3),
(17, '2024-08-01', '13:26:00', 'ชำระเงินสด', NULL, NULL, 1, 2),
(18, '2024-08-13', '13:42:00', 'ชำระเงินโอน', 'ธนาคารกสิกรไทย', '1.jpg', 0, 4),
(19, '2024-08-14', '13:44:00', 'ชำระเงินสด', NULL, NULL, 1, 4),
(20, '2024-08-04', '13:54:00', 'ชำระเงินโอน', 'ธนาคารกสิกรไทย', '2jpg.jpg', 0, 5),
(21, '2024-08-05', '13:55:00', 'ชำระเงินสด', NULL, NULL, 1, 5),
(22, '2024-08-05', '13:59:00', 'ชำระเงินโอน', 'ธนาคารกสิกรไทย', '3.jpg', 0, 6),
(23, '2024-08-05', '14:02:00', 'ชำระเงินโอน', 'ธนาคารกสิกรไทย', '4jpg.jpg', 1, 6),
(24, '2024-08-06', '14:03:00', 'ชำระเงินสด', NULL, NULL, 0, 7),
(25, '2024-08-09', '14:03:00', 'ชำระเงินสด', NULL, NULL, 1, 7),
(26, '2024-09-03', '14:05:00', 'ชำระเงินสด', NULL, NULL, 0, 14),
(27, '2024-09-04', '14:06:00', 'ชำระเงินสด', NULL, NULL, 1, 14),
(28, '2024-08-22', '14:18:00', 'ชำระเงินโอน', 'ธนาคารกสิกรไทย', '5.jpg', 0, 24),
(29, '2024-08-24', '14:19:00', 'ชำระเงินสด', NULL, NULL, 1, 24),
(30, '2024-08-15', '14:21:00', 'ชำระเงินสด', NULL, NULL, 0, 25),
(31, '2024-08-16', '14:22:00', 'ชำระเงินสด', NULL, NULL, 1, 25),
(32, '2024-08-13', '14:24:00', 'ชำระเงินสด', NULL, NULL, 0, 26),
(33, '2024-08-14', '14:25:00', 'ชำระเงินสด', NULL, NULL, 1, 26),
(34, '2024-08-06', '14:28:00', 'ชำระเงินสด', NULL, NULL, 0, 27),
(35, '2024-08-07', '14:30:00', 'ชำระเงินสด', NULL, NULL, 1, 27),
(36, '2024-08-05', '14:32:00', 'ชำระเงินสด', NULL, NULL, 0, 28),
(37, '2024-08-05', '14:33:00', 'ชำระเงินสด', NULL, NULL, 0, 29),
(38, '2024-08-06', '14:34:00', 'ชำระเงินสด', NULL, NULL, 1, 29),
(39, '2024-09-06', '14:34:00', 'ชำระเงินสด', NULL, NULL, 1, 28),
(40, '2024-10-04', '17:47:00', 'ชำระเงินโอน', 'ธนาคารกสิกรไทย', '5.jpg', 0, 35),
(41, '2024-10-05', '17:54:00', 'ชำระเงินสด', NULL, NULL, 1, 35),
(42, '2024-10-05', '18:00:00', 'ชำระเงินโอน', 'ธนาคารกสิกรไทย', 'ไทยพาณิ.jpg', 0, 36),
(43, '2024-10-06', '18:02:00', 'ชำระเงินโอน', 'ธนาคารกสิกรไทย', 'ไทยพาณิ.jpg', 1, 36),
(44, '2024-10-04', '18:08:00', 'ชำระเงินสด', NULL, NULL, 0, 37),
(45, '2024-10-05', '18:09:00', 'ชำระเงินสด', NULL, NULL, 1, 37),
(46, '2024-10-03', '18:11:00', 'ชำระเงินโอน', NULL, 'ไทยพาณิ.jpg', 0, 38),
(47, '2024-10-04', '13:11:00', 'ชำระเงินสด', NULL, NULL, 1, 38),
(48, '2024-10-05', '18:20:00', 'ชำระเงินสด', NULL, NULL, 0, 39),
(49, '2024-10-06', '15:25:00', 'ชำระเงินสด', NULL, NULL, 1, 39),
(50, '2024-09-04', '09:56:00', 'ชำระเงินโอน', 'ธนาคารกสิกรไทย', 'อยุธยา.jpg', 0, 40),
(51, '2024-10-05', '19:59:00', 'ชำระเงินสด', NULL, NULL, 1, 40),
(52, '2024-10-06', '09:05:00', 'ชำระเงินโอน', 'ธนาคารกสิกรไทย', 'อยุธยา.jpg', 0, 41),
(53, '2024-10-06', '20:10:00', 'ชำระเงินสด', NULL, NULL, 1, 41),
(54, '2024-10-09', '09:19:00', 'ชำระเงินโอน', 'ธนาคารกสิกรไทย', 'อยุธยา.jpg', 0, 42),
(55, '2024-09-10', '09:20:00', 'ชำระเงินสด', NULL, NULL, 1, 42),
(56, '2024-09-11', '09:23:00', 'ชำระเงินโอน', 'ธนาคารกสิกรไทย', 'อยุธยา.jpg', 0, 43),
(57, '2024-09-11', '09:00:00', 'ชำระเงินสด', NULL, NULL, 1, 43),
(58, '2024-09-11', '20:30:00', 'ชำระเงินโอน', 'ธนาคารกสิกรไทย', 'อยุธยา.jpg', 0, 44),
(59, '2024-09-21', '13:01:00', 'ชำระเงินสด', NULL, NULL, 0, 45),
(60, '2024-09-12', '23:19:00', 'ชำระเงินสด', NULL, NULL, 1, 44),
(61, '2024-09-21', '23:20:00', 'ชำระเงินสด', NULL, NULL, 1, 45),
(62, '2024-09-22', '10:24:00', 'ชำระเงินโอน', 'ธนาคารกสิกรไทย', 'อยุธยา.jpg', 0, 46),
(63, '2024-09-22', '23:26:00', 'ชำระเงินสด', NULL, NULL, 1, 46),
(64, '2024-09-23', '10:43:00', 'ชำระเงินสด', NULL, NULL, 0, 47),
(65, '2024-09-24', '13:43:00', 'ชำระเงินโอน', 'ธนาคารกสิกรไทย', 'อยุธยา.jpg', 0, 48),
(66, '2024-09-25', '13:44:00', 'ชำระเงินสด', NULL, NULL, 0, 49),
(67, '2024-09-26', '09:44:00', 'ชำระเงินโอน', 'ธนาคารกสิกรไทย', 'อยุธยา.jpg', 0, 50),
(68, '2024-09-27', '09:45:00', 'ชำระเงินสด', NULL, NULL, 0, 51),
(69, '2024-09-28', '10:45:00', 'ชำระเงินโอน', 'ธนาคารกสิกรไทย', 'อยุธยา.jpg', 0, 52),
(70, '2024-09-29', '13:46:00', 'ชำระเงินสด', NULL, NULL, 0, 53),
(71, '2024-09-23', '23:52:00', 'ชำระเงินโอน', 'ธนาคารกสิกรไทย', 'อยุธยา.jpg', 1, 47),
(72, '2024-09-07', '10:30:00', 'ชำระเงินโอน', 'ธนาคารกสิกรไทย', 'ไทยพาณิ.jpg', 0, 54),
(73, '2024-09-10', '10:26:00', 'ชำระเงินโอน', 'ธนาคารกสิกรไทย', 'ไทยพาณิ.jpg', 0, 55),
(74, '2024-09-12', '10:27:00', 'ชำระเงินโอน', 'ธนาคารกสิกรไทย', 'ไทยพาณิ.jpg', 0, 56),
(75, '2024-09-29', '10:32:00', 'ชำระเงินสด', NULL, NULL, 0, 57),
(76, '2024-09-30', '10:28:00', 'ชำระเงินโอน', 'ธนาคารกสิกรไทย', 'ไทยพาณิ.jpg', 0, 58),
(77, '2024-09-28', '10:29:00', 'ชำระเงินสด', NULL, NULL, 0, 59),
(78, '2024-09-19', '10:30:00', 'ชำระเงินสด', NULL, NULL, 0, 60),
(79, '2024-09-07', '10:33:00', 'ชำระเงินสด', NULL, NULL, 1, 54),
(80, '2024-09-10', '11:34:00', 'ชำระเงินโอน', 'ธนาคารกสิกรไทย', 'ไทยพาณิ.jpg', 1, 55),
(81, '2024-09-12', '10:34:00', 'ชำระเงินโอน', 'ธนาคารกสิกรไทย', NULL, 1, 56),
(82, '2024-09-29', '23:34:00', 'ชำระเงินสด', NULL, NULL, 1, 57),
(83, '2024-09-30', '23:35:00', 'ชำระเงินสด', NULL, NULL, 1, 58),
(84, '2024-09-28', '23:35:00', 'ชำระเงินโอน', 'ธนาคารกสิกรไทย', 'ไทยพาณิ.jpg', 1, 59),
(85, '2024-09-26', '23:35:00', 'ชำระเงินสด', NULL, NULL, 1, 60),
(86, '2024-09-05', '00:08:00', 'ชำระเงินสด', NULL, NULL, 0, 61),
(87, '2024-09-06', '23:04:00', 'ชำระเงินสด', NULL, NULL, 0, 62),
(88, '2024-09-10', '23:08:00', 'ชำระเงินสด', NULL, NULL, 0, 63),
(89, '2024-09-11', '23:09:00', 'ชำระเงินสด', NULL, NULL, 0, 64),
(90, '2024-09-20', '23:09:00', 'ชำระเงินสด', NULL, NULL, 0, 65),
(91, '2024-09-29', '23:09:00', 'ชำระเงินสด', NULL, NULL, 0, 66),
(92, '2024-09-30', '23:10:00', 'ชำระเงินสด', NULL, NULL, 0, 67),
(93, '2024-09-24', '23:16:00', 'ชำระเงินสด', NULL, NULL, 1, 48),
(94, '2024-09-25', '23:16:00', 'ชำระเงินสด', NULL, NULL, 1, 49),
(95, '2024-09-26', '23:17:00', 'ชำระเงินสด', NULL, NULL, 1, 50),
(96, '2024-09-27', '23:17:00', 'ชำระเงินสด', NULL, NULL, 1, 51),
(97, '2024-09-28', '23:17:00', 'ชำระเงินสด', NULL, NULL, 1, 52),
(98, '2024-09-29', '23:17:00', 'ชำระเงินสด', NULL, NULL, 1, 53),
(99, '2024-09-05', '23:18:00', 'ชำระเงินสด', NULL, NULL, 1, 61),
(100, '2024-09-06', '23:18:00', 'ชำระเงินสด', NULL, NULL, 1, 62),
(101, '2024-09-10', '23:19:00', 'ชำระเงินสด', NULL, NULL, 1, 63),
(102, '2024-09-11', '23:19:00', 'ชำระเงินสด', NULL, NULL, 1, 64),
(103, '2024-09-20', '23:19:00', 'ชำระเงินสด', NULL, NULL, 1, 65),
(104, '2024-09-29', '23:20:00', 'ชำระเงินสด', NULL, NULL, 1, 66),
(105, '2024-09-30', '23:20:00', 'ชำระเงินสด', NULL, NULL, 1, 67),
(106, '2024-09-13', '23:37:00', 'ชำระเงินสด', NULL, NULL, 0, 33),
(107, '2024-09-16', '23:37:00', 'ชำระเงินสด', NULL, NULL, 0, 69),
(108, '2024-09-30', '23:37:00', 'ชำระเงินสด', NULL, NULL, 0, 71),
(109, '2024-09-24', '23:39:00', 'ชำระเงินสด', NULL, NULL, 1, 69),
(110, '2024-09-30', '23:39:00', 'ชำระเงินสด', NULL, NULL, 1, 71),
(111, '2024-09-21', '00:04:00', 'ชำระเงินโอน', 'ธนาคารกสิกรไทย', 'อยุธยา.jpg', 0, 72),
(112, '2024-09-07', '00:04:00', 'ชำระเงินโอน', NULL, 'อยุธยา.jpg', 0, 73),
(113, '2024-09-09', '00:05:00', 'ชำระเงินสด', NULL, NULL, 0, 75),
(114, '2024-09-10', '00:05:00', 'ชำระเงินโอน', 'ธนาคารกสิกรไทย', 'อยุธยา.jpg', 0, 76),
(115, '2024-09-14', '00:05:00', 'ชำระเงินสด', NULL, NULL, 0, 77),
(116, '2024-09-22', '00:05:00', 'ชำระเงินสด', NULL, NULL, 0, 78),
(117, '2024-09-21', '00:09:00', 'ชำระเงินสด', NULL, NULL, 1, 72),
(118, '2024-09-07', '00:10:00', 'ชำระเงินโอน', 'ธนาคารกสิกรไทย', 'อยุธยา.jpg', 1, 73),
(119, '2024-09-09', '00:10:00', 'ชำระเงินสด', NULL, NULL, 1, 75),
(120, '2024-09-10', '00:10:00', 'ชำระเงินโอน', 'ธนาคารกสิกรไทย', 'อยุธยา.jpg', 1, 76),
(121, '2024-09-14', '00:11:00', 'ชำระเงินโอน', 'ธนาคารกสิกรไทย', 'อยุธยา.jpg', 1, 77),
(122, '2024-09-22', '00:11:00', 'ชำระเงินโอน', 'ธนาคารกสิกรไทย', 'อยุธยา.jpg', 1, 78),
(123, '2024-09-25', '00:33:00', 'ชำระเงินสด', NULL, NULL, 0, 82),
(124, '2024-09-11', '00:39:00', 'ชำระเงินสด', NULL, NULL, 0, 83),
(125, '2024-09-12', '00:39:00', 'ชำระเงินสด', NULL, NULL, 0, 84),
(126, '2024-09-18', '00:40:00', 'ชำระเงินโอน', 'ธนาคารกสิกรไทย', 'ไทยพาณิ.jpg', 0, 85),
(127, '2024-09-09', '00:40:00', 'ชำระเงินโอน', 'ธนาคารกสิกรไทย', 'ไทยพาณิ.jpg', 0, 86),
(128, '2024-09-25', '00:43:00', 'ชำระเงินสด', NULL, NULL, 1, 82),
(129, '2024-09-11', '00:46:00', 'ชำระเงินสด', NULL, NULL, 1, 83),
(130, '2024-09-12', '00:47:00', 'ชำระเงินโอน', 'ธนาคารกสิกรไทย', 'ไทยพาณิ.jpg', 1, 84),
(131, '2024-09-18', '00:47:00', 'ชำระเงินสด', NULL, NULL, 1, 85),
(132, '2024-09-23', '00:47:00', 'ชำระเงินสด', NULL, NULL, 1, 86),
(133, '2024-09-07', '10:30:00', 'ชำระเงินโอน', 'ธนาคารกสิกรไทย', 'ไทยพาณิ.jpg', 0, 87),
(134, '2024-09-12', '10:58:00', 'ชำระเงินโอน', 'ธนาคารกสิกรไทย', 'ไทยพาณิ.jpg', 0, 88),
(135, '2024-09-07', '01:01:00', 'ชำระเงินสด', NULL, NULL, 1, 87),
(136, '2024-09-12', '01:01:00', 'ชำระเงินสด', NULL, NULL, 1, 88),
(137, '2024-09-07', '01:11:00', 'ชำระเงินสด', NULL, NULL, 0, 90),
(138, '2024-09-14', '01:11:00', 'ชำระเงินสด', NULL, NULL, 0, 91),
(139, '2024-09-07', '01:13:00', 'ชำระเงินสด', NULL, NULL, 1, 90),
(140, '2024-09-14', '01:14:00', 'ชำระเงินสด', NULL, NULL, 1, 91),
(141, '2024-09-23', '01:21:00', 'ชำระเงินสด', NULL, NULL, 0, 92),
(142, '2024-09-27', '01:22:00', 'ชำระเงินสด', NULL, NULL, 0, 93),
(143, '2024-09-28', '01:22:00', 'ชำระเงินสด', NULL, NULL, 0, 94),
(144, '2024-09-23', '01:24:00', 'ชำระเงินสด', NULL, NULL, 1, 92),
(145, '2024-09-27', '01:24:00', 'ชำระเงินสด', NULL, NULL, 1, 93),
(146, '2024-09-27', '01:24:00', 'ชำระเงินสด', NULL, NULL, 1, 93),
(147, '2024-09-07', '01:25:00', 'ชำระเงินสด', NULL, NULL, 1, 94),
(148, '2024-10-02', '01:32:00', 'ชำระเงินสด', NULL, NULL, 0, 95),
(149, '2024-10-02', '01:32:00', 'ชำระเงินสด', NULL, NULL, 1, 95),
(150, '2024-10-08', '00:28:00', 'ชำระเงินสด', NULL, NULL, 1, 33),
(151, '2024-10-08', '04:16:00', 'ชำระเงินสด', NULL, NULL, 0, 99),
(152, '2024-10-08', '06:38:00', 'ชำระเงินสด', NULL, NULL, 0, 98),
(153, '2024-10-08', '06:43:00', 'ชำระเงินโอน', 'ธนาคารกรุงเทพ', '5500.jpg', 0, 99),
(154, '2024-10-08', '06:47:00', 'ชำระเงินสด', NULL, NULL, 1, 99);

-- --------------------------------------------------------

--
-- Table structure for table `photographer`
--

CREATE TABLE `photographer` (
  `photographer_id` int(11) NOT NULL COMMENT 'รหัสช่างภาพ',
  `photographer_prefix` varchar(10) NOT NULL COMMENT 'คำนำหน้า',
  `photographer_name` varchar(50) NOT NULL COMMENT 'ชื่อช่างภาพ',
  `photographer_surname` varchar(50) NOT NULL COMMENT 'นามสกุล',
  `photographer_tell` varchar(10) NOT NULL COMMENT 'เบอร์โทรศัพท์',
  `photographer_address` text NOT NULL COMMENT 'ที่อยู่',
  `photographer_district` varchar(50) NOT NULL COMMENT 'อำเภอ',
  `photographer_province` varchar(50) NOT NULL COMMENT 'จังหวัด',
  `photographer_scope` text NOT NULL COMMENT 'ขอบเขตรับงาน',
  `photographer_zip_code` varchar(5) NOT NULL COMMENT 'รหัสไปรษณีย์',
  `photographer_email` varchar(100) NOT NULL COMMENT 'อีเมล',
  `photographer_password` varchar(50) NOT NULL COMMENT 'รหัสผ่าน',
  `photographer_photo` text NOT NULL COMMENT 'รูปภาพโปรไฟล์',
  `photographer_portfolio` text NOT NULL COMMENT 'ไฟล์แฟ้มผลงานช่างภาพ',
  `photographer_bank` varchar(50) NOT NULL COMMENT 'ชื่อธนาคาร',
  `photographer_account_name` varchar(100) NOT NULL COMMENT 'ชื่อบัญชีธนาคาร',
  `photographer_account_number` varchar(50) NOT NULL COMMENT 'เลขที่บัญชี',
  `photographer_license` tinyint(1) NOT NULL DEFAULT 0 COMMENT 'สิทธิ์การใช้งาน 0 : รออนุมัติสิทธิ์ 1 : มีสิทธิ์'
) ENGINE=InnoDB DEFAULT CHARSET=utf8mb4 COLLATE=utf8mb4_general_ci;

--
-- Dumping data for table `photographer`
--

INSERT INTO `photographer` (`photographer_id`, `photographer_prefix`, `photographer_name`, `photographer_surname`, `photographer_tell`, `photographer_address`, `photographer_district`, `photographer_province`, `photographer_scope`, `photographer_zip_code`, `photographer_email`, `photographer_password`, `photographer_photo`, `photographer_portfolio`, `photographer_bank`, `photographer_account_name`, `photographer_account_number`, `photographer_license`) VALUES
(1, 'นาย', 'นภัทธ', 'ศิริพงษ์', '0812345678', '123/45 ซอยสุขุมวิท 24', 'เขตวัฒนา', 'กรุงเทพมหานคร', 'กรุงเทพฯ', '10110', 'napat.siripong@gmail.com', '01111', '02_08_2024_00_43_21-ช่างภาพคนที่1 (1).jpg', '4.1.pdf', 'ธนาคารไทยพาณิชย์', 'นภัทร ศิริพงษ์', '0123456789', 1),
(2, 'นางสาว', 'สุภาภรณ์', 'วัฒนารัตน์', '0812345679', '123/45 หมู่บ้านสวนสวย ถนนบางขุนเทียบ', 'บางขุนเทียบ', 'กรุงเทพมหานคร', 'ภาคกลาง, ภาคตะวันออกเฉียงเหนือ, ภาคตะวันตก', '10150', 'su@gmail.com', '02222', 'ช่างภาพคนที่3.jpg', 'd2.pdf', 'ธนาคารกสิกรไทย', 'สุภาภรณ์ วัฒนารัตน์', '0234567891', 1),
(3, 'นาย', 'นพดล', 'ศรีอาจ', '0876543210', '456/78 หมู่บ้านเขตสำโรง ถนนพหลโยธิน', 'ลำลูกกา', 'กรุงเทพมหานคร', 'ภาคเหนือ', '12130', 'nopadon.photoart@gmail.com', '03333', 'ช่างภาพที่2.jpg', 'pexels-andreevaleksandar-25189099.pdf', 'ธนาคารกรุงศรีอยุธยา', 'นพดล  ศรีอาจ', '1470009999', 1),
(5, 'นางสาว', 'ธนาธิป ', ' สุขสันต์', '0987654321', '123 หมู่ 5 ถนนมิตรภาพ ', 'ในเมือง', 'ขอนแก่น', 'ภาคใต้', '40000', 'thanathip.suksan@gmail.com', '04444', '02_08_2024_04_24_31-pexels-llucams-1960183.jpg', 'pexels-andreevaleksandar-25189099.pdf', 'ธนาคารทหารไทย', 'ธนาธิป สุขสันต์', '1470009991', 1),
(6, 'นางสาว', 'ชนาธิป', 'สุขสันต์', '0987654322', ' 123 หมู่ 5 ถนนมิตรภาพ ', 'ในเมือง', 'ขอนแก่น', 'ภาคกลาง, ภาคใต้', '40000', 'suksan@gmaill.com', '05555', '02_08_2024_04_30_56-pexels-llucams-1960183.jpg', 'pexels-andreevaleksandar-25189099.pdf', 'ธนาคารกสิกรไทย', ' นารายา สุขสันต์', '1470009992', 2);

-- --------------------------------------------------------

--
-- Table structure for table `portfolio`
--

CREATE TABLE `portfolio` (
  `portfolio_id` int(11) NOT NULL COMMENT 'รหัสผลงาน',
  `portfolio_photo` text NOT NULL COMMENT 'ภาพผลงาน',
  `portfolio_caption` text NOT NULL COMMENT 'คำอธิบายภาพ',
  `portfolio_date` date NOT NULL COMMENT 'วันที่ลงผลงาน',
  `type_of_work_id` int(11) NOT NULL COMMENT 'รหัสประเภทการรับงาน'
) ENGINE=InnoDB DEFAULT CHARSET=utf8mb4 COLLATE=utf8mb4_general_ci;

--
-- Dumping data for table `portfolio`
--

INSERT INTO `portfolio` (`portfolio_id`, `portfolio_photo`, `portfolio_caption`, `portfolio_date`, `type_of_work_id`) VALUES
(24, 'img_66c1d67595ba6_1723979381.jpg, img_66c1d67596198_1723979381.jpg', 'งานแต่งที่สุดจะโรเมนติก', '2024-08-18', 8),
(25, 'img_66c1d739c2b00_1723979577.jpg, img_66c1d739c3118_1723979577.jpg, img_66c1d739c32f5_1723979577.jpg, img_66c1d739c34e6_1723979577.jpg', 'น้องอ๋อม', '2024-08-18', 12),
(26, 'img_66c1d8031ae67_1723979779.jpg, img_66c1d8031b0a6_1723979779.jpg', 'วันนี้นางแบบมาเลือกซื้อขนม 😊', '2024-08-18', 5),
(27, 'img_66c1d8f2e3d4e_1723980018.jpg, img_66c1d8f2e3f93_1723980018.jpg, img_66c1d8f2e40d7_1723980018.jpg', 'วันนี้มากับเดอะแก๊ง\r\nรับงานถ่ายภาพบุคคล ทั้งกลุ่ม และเดี่ยว นะคะ ❤️', '2024-08-18', 5),
(28, 'img_66c1df2d8a536_1723981613.jpg, img_66c1df2d8a9d5_1723981613.jpg', 'วันนี้มีงานถ่ายสินค้าที่เป็นเสื้อครับ 🙂‍↕️', '2024-08-18', 20),
(29, 'img_66d1d8e33c701_1725028579.png', 'test', '2024-08-30', 26),
(30, 'img_66d1d8f8cfb65_1725028600.jpg', 'test', '2024-08-30', 26);

-- --------------------------------------------------------

--
-- Table structure for table `review`
--

CREATE TABLE `review` (
  `booking_id` int(11) NOT NULL COMMENT 'รหัสจองคิว',
  `review_date` date NOT NULL COMMENT 'วันที่',
  `review_time` time NOT NULL COMMENT 'เวลา',
  `review_caption` text DEFAULT NULL COMMENT 'คำอธิบาย',
  `review_level` text NOT NULL COMMENT 'ระดับความพึ่งพอใจ'
) ENGINE=InnoDB DEFAULT CHARSET=utf8mb4 COLLATE=utf8mb4_general_ci;

--
-- Dumping data for table `review`
--

INSERT INTO `review` (`booking_id`, `review_date`, `review_time`, `review_caption`, `review_level`) VALUES
(1, '2024-10-04', '11:27:00', 'รูปสวยมากครับ ไว้โอกาสหน้าจะจองคิวอีก', '5'),
(2, '2024-10-04', '13:27:00', 'ดีมากไว้จะจ้างอีกนะคะ', '5'),
(3, '2024-10-04', '13:27:00', 'ถ่ายสวยมาก', '5'),
(4, '2024-10-04', '13:45:00', NULL, '5'),
(5, '2024-10-04', '13:56:00', 'ดีสนุกมาดกับงานนี้ ไว้เจอกันอีกงานหน้านะคะ', '5'),
(6, '2024-10-04', '14:02:00', NULL, '5'),
(7, '2024-10-04', '14:04:00', NULL, '5'),
(9, '2024-10-04', '12:58:00', NULL, '5'),
(11, '2024-10-04', '13:14:00', 'รูปสวย ส่งงานไวมาก', '5'),
(12, '2024-10-04', '13:13:00', 'ดีมากครับช่างภาพเป็นกันเอง', '5'),
(14, '2024-10-04', '14:07:00', 'ภาพสวยดีมากค่ะ ช่างภาพประจำ', '5'),
(15, '2024-10-04', '13:13:00', 'ดีครับแต่อยากให้ช่างภาพถ่ายรูปญาติเจ้าบ่าวเจ้าสาวด้วย', '4'),
(24, '2024-10-04', '14:20:00', 'ภาพสวยมากๆๆ', '5'),
(25, '2024-10-04', '14:22:00', 'ส่งงานเร็วทันใจ ประทับใจมากค่ะ', '5'),
(26, '2024-10-04', '14:26:00', NULL, '5'),
(27, '2024-10-04', '14:31:00', 'ถ่ายออกมาดีมากจองคิวไปหลายคิวแล้วประทับใจสุดๆ', '5'),
(28, '2024-10-04', '14:35:00', NULL, '5'),
(29, '2024-10-04', '14:35:00', NULL, '5'),
(33, '2024-10-08', '02:37:00', '', '5'),
(35, '2024-10-04', '17:55:00', 'รูปสวยมากครับ แม่ผมชอบรูปงานบวชมาก', '5'),
(36, '2024-10-04', '18:03:00', 'สวยมากๆ', '5'),
(37, '2024-10-04', '18:09:00', NULL, '5'),
(38, '2024-10-04', '18:12:00', 'น้องสาวแนะนำ ช่างภาพถ่ายภาพสินค้าสวย เลยลองจองดู รูปสวยมากเลิฟฟ', '5'),
(39, '2024-10-04', '18:27:00', 'วันงานเหนื่อยมากแต่ช่างภาพใจสู้สุดๆ555', '5'),
(40, '2024-10-04', '20:00:00', 'ช่างภาพมืออาชีพมาก ภาพสวย เห็นในรีวิวเลยจองลองดู ดีมากๆเลยจนอยากจะแต่งงานอีก\r\n\r\n\r\n\r\n\r\n\r\n\r\n\r\n\r\n\r\n\r\n\r\n\r\n\r\n\r\n\r\n\r\n\r\n\r\n\r\n\r\n\r\n\r\n\r\n\r\n\r\n\r\n\r\n\r\n\r\n\r\n', '5'),
(41, '2024-10-04', '20:11:00', NULL, '5'),
(42, '2024-10-04', '20:20:00', 'ภาพสวยสุดๆ', '5'),
(43, '2024-10-04', '20:26:00', 'ส่งงานเร็วมากรูปสวยทุกรูปเลย', '5'),
(44, '2024-10-04', '23:20:00', '', '5'),
(45, '2024-10-04', '23:20:00', '', '5'),
(46, '2024-10-07', '01:33:00', 'สวยมาก', '5'),
(53, '2024-10-08', '06:47:00', '', '4'),
(54, '2024-10-05', '23:38:00', '', '5'),
(55, '2024-10-05', '23:38:00', '', '5'),
(56, '2024-10-05', '23:38:00', 'ดีสุดยอดช่างภาพมืออาชีพ', '5'),
(57, '2024-10-05', '23:37:00', 'มืออาชีพมากกกกกกกก', '5'),
(58, '2024-10-05', '23:37:00', 'สวยส่งงานเร็ว', '5'),
(59, '2024-10-05', '23:37:00', 'ภาพออกมาสวยมากประทับใจสุดๆ', '5'),
(60, '2024-10-05', '23:36:00', 'ในงานสนุกมากช่างภาพเป็นกันเอง', '5'),
(61, '2024-10-06', '23:22:00', '', '5'),
(62, '2024-10-06', '23:22:00', '', '5'),
(63, '2024-10-06', '23:22:00', '', '5'),
(64, '2024-10-06', '23:22:00', '', '5'),
(65, '2024-10-06', '23:22:00', '', '4'),
(66, '2024-10-06', '23:21:00', 'ดีสวยสุดยอด', '5'),
(67, '2024-10-06', '23:21:00', '', '4'),
(69, '2024-10-06', '23:40:00', 'ส่งรูปเร็วมาก สุดยอด', '5'),
(71, '2024-10-06', '23:40:00', 'ถ่ายสวยมาก', '5'),
(72, '2024-10-07', '00:13:00', 'ดี', '5'),
(73, '2024-10-07', '00:13:00', '', '5'),
(75, '2024-10-07', '00:13:00', '', '5'),
(76, '2024-10-07', '00:13:00', '', '4'),
(77, '2024-10-07', '00:13:00', 'มืออาชีพมาก', '5'),
(78, '2024-10-07', '00:13:00', 'ถ่ายออกมาสวยมาก', '5'),
(82, '2024-10-07', '00:50:00', 'รูปสวยมากกกกก', '5'),
(83, '2024-10-07', '00:49:00', 'ส่งงานไว สวย', '5'),
(84, '2024-10-07', '00:49:00', 'วันงานคนเยอะมากแต่ช่างภาพมืออาชีพสุดๆ', '5'),
(85, '2024-10-07', '00:48:00', 'มืออาชีพมาก', '5'),
(86, '2024-10-07', '00:48:00', 'รูปสวยมาก', '5'),
(87, '2024-10-07', '01:03:00', '', '4'),
(88, '2024-10-07', '01:01:00', '', '4'),
(90, '2024-10-07', '01:15:00', '', '5'),
(91, '2024-10-07', '01:14:00', 'ถ่ายออกมาดีมาก มือโปรสุดๆ', '5'),
(92, '2024-10-07', '01:27:00', 'ส่งงานเร็วสุดๆ', '5'),
(93, '2024-10-07', '01:27:00', 'ภาพสวยมาก', '5'),
(94, '2024-10-07', '01:26:00', 'สวยมากถึงราคาสูงก็จ้าง มือดปรจริงๆ', '4'),
(95, '2024-10-07', '01:33:00', 'มือโปรสุดๆ', '5');

-- --------------------------------------------------------

--
-- Stand-in structure for view `scor`
-- (See below for the actual view)
--
CREATE TABLE `scor` (
`scor` double
,`photographer_id` int(11)
,`photographer_prefix` varchar(10)
,`photographer_name` varchar(50)
,`photographer_surname` varchar(50)
);

-- --------------------------------------------------------

--
-- Table structure for table `submit`
--

CREATE TABLE `submit` (
  `submit_id` int(11) NOT NULL COMMENT 'รหัสส่งงาน',
  `submit_date` date NOT NULL COMMENT 'วันที่ส่งงาน',
  `submit_time` time NOT NULL COMMENT 'เวลาส่งงาน',
  `submit_details` text NOT NULL COMMENT 'รายละเอียดการส่งงาน',
  `booking_id` int(11) NOT NULL COMMENT 'รหัสจองคิว'
) ENGINE=InnoDB DEFAULT CHARSET=utf8mb4 COLLATE=utf8mb4_general_ci;

--
-- Dumping data for table `submit`
--

INSERT INTO `submit` (`submit_id`, `submit_date`, `submit_time`, `submit_details`, `booking_id`) VALUES
(1, '2024-10-04', '11:19:00', 'https://drive.google.com/drive/folders/1HOxmG--imPLsbyoxNc8p0R2vUbQNnxER?usp=drive_link', 1),
(2, '2024-10-04', '12:51:00', 'https://drive.google.com/drive/folders/1HOxmG--imPLsbyoxNc8p0R2vUbQNnxER?usp=drive_link', 9),
(3, '2024-10-04', '13:02:00', 'https://drive.google.com/drive/folders/1zsijQU8ZGUQhtHp0m7PcvvJCd8CeuCWe?usp=drive_link', 12),
(4, '2024-10-04', '13:06:00', 'https://drive.google.com/drive/folders/1r8IDj3fuzEJcLhb97rW6Mvt_Gf8eloOS?usp=drive_link', 15),
(5, '2024-10-04', '13:09:00', 'https://drive.google.com/drive/folders/1r8IDj3fuzEJcLhb97rW6Mvt_Gf8eloOS?usp=drive_link', 11),
(6, '2024-10-04', '13:24:00', 'https://drive.google.com/drive/folders/1HOxmG--imPLsbyoxNc8p0R2vUbQNnxER?usp=drive_link', 3),
(7, '2024-10-04', '13:24:00', 'https://drive.google.com/drive/folders/1HOxmG--imPLsbyoxNc8p0R2vUbQNnxER?usp=drive_link', 2),
(8, '2024-10-04', '13:43:00', 'https://drive.google.com/drive/folders/1r8IDj3fuzEJcLhb97rW6Mvt_Gf8eloOS?usp=drive_link', 4),
(9, '2024-10-04', '13:55:00', 'https://drive.google.com/drive/folders/1HOxmG--imPLsbyoxNc8p0R2vUbQNnxER?usp=drive_link', 5),
(10, '2024-10-04', '14:00:00', 'https://drive.google.com/drive/folders/1r8IDj3fuzEJcLhb97rW6Mvt_Gf8eloOS?usp=drive_link', 6),
(11, '2024-10-04', '14:03:00', 'https://drive.google.com/drive/folders/1HOxmG--imPLsbyoxNc8p0R2vUbQNnxER?usp=drive_link', 7),
(12, '2024-10-04', '14:05:00', 'https://drive.google.com/drive/folders/1r8IDj3fuzEJcLhb97rW6Mvt_Gf8eloOS?usp=drive_link', 14),
(13, '2024-10-04', '14:19:00', 'https://drive.google.com/drive/folders/1HOxmG--imPLsbyoxNc8p0R2vUbQNnxER?usp=drive_link', 24),
(14, '2024-10-04', '14:21:00', 'https://drive.google.com/drive/folders/1zsijQU8ZGUQhtHp0m7PcvvJCd8CeuCWe?usp=drive_link', 25),
(15, '2024-10-04', '14:24:00', 'https://drive.google.com/drive/folders/1zsijQU8ZGUQhtHp0m7PcvvJCd8CeuCWe?usp=drive_link', 26),
(16, '2024-10-04', '14:29:00', 'https://drive.google.com/drive/folders/1r8IDj3fuzEJcLhb97rW6Mvt_Gf8eloOS?usp=drive_link', 27),
(17, '2024-10-04', '14:34:00', 'https://drive.google.com/drive/folders/1r8IDj3fuzEJcLhb97rW6Mvt_Gf8eloOS?usp=drive_link', 29),
(18, '2024-10-04', '14:34:00', 'https://drive.google.com/drive/folders/1r8IDj3fuzEJcLhb97rW6Mvt_Gf8eloOS?usp=drive_link', 28),
(19, '2024-10-04', '17:48:00', 'https://drive.google.com/drive/folders/1RmiIIRM17Yz1zapN_G3Z2xo9Mt3GBNDs?usp=drive_link', 35),
(20, '2024-10-04', '18:01:00', 'https://drive.google.com/drive/folders/1r8IDj3fuzEJcLhb97rW6Mvt_Gf8eloOS?usp=drive_link', 36),
(21, '2024-10-04', '18:08:00', 'https://drive.google.com/drive/folders/1juEBVCEGKNPgV6uqisswrcABcUP5jih1?usp=drive_link', 37),
(22, '2024-10-04', '18:11:00', 'https://drive.google.com/drive/folders/1juEBVCEGKNPgV6uqisswrcABcUP5jih1?usp=drive_link', 38),
(23, '2024-10-04', '18:20:00', 'https://drive.google.com/drive/folders/1fJyBOq-Z_e3mPCF320q1t_7DLa6XjmMt?usp=drive_link', 39),
(24, '2024-10-04', '19:57:00', 'https://drive.google.com/drive/folders/1r8IDj3fuzEJcLhb97rW6Mvt_Gf8eloOS?usp=drive_link', 40),
(25, '2024-10-04', '20:06:00', 'https://drive.google.com/drive/folders/1RmiIIRM17Yz1zapN_G3Z2xo9Mt3GBNDs?usp=drive_link', 41),
(26, '2024-10-04', '20:19:00', 'https://drive.google.com/drive/folders/1zsijQU8ZGUQhtHp0m7PcvvJCd8CeuCWe?usp=drive_link', 42),
(27, '2024-10-04', '20:23:00', 'https://drive.google.com/drive/folders/1fJyBOq-Z_e3mPCF320q1t_7DLa6XjmMt?usp=drive_link', 43),
(28, '2024-10-04', '20:30:00', 'https://drive.google.com/drive/folders/1TsSDEC0y-0FUyo4vSnzPJTNpL7f-NTJ4?usp=drive_link', 44),
(29, '2024-10-04', '23:18:00', 'https://drive.google.com/drive/folders/1TsSDEC0y-0FUyo4vSnzPJTNpL7f-NTJ4?usp=drive_link', 45),
(30, '2024-10-04', '23:25:00', 'https://drive.google.com/drive/folders/1juEBVCEGKNPgV6uqisswrcABcUP5jih1?usp=drive_link', 46),
(31, '2024-10-04', '23:48:00', 'https://drive.google.com/drive/folders/1HOxmG--imPLsbyoxNc8p0R2vUbQNnxER?usp=drive_link', 53),
(32, '2024-10-04', '23:49:00', 'https://drive.google.com/drive/folders/1TsSDEC0y-0FUyo4vSnzPJTNpL7f-NTJ4?usp=drive_link', 52),
(33, '2024-10-04', '23:50:00', 'https://drive.google.com/drive/folders/1fJyBOq-Z_e3mPCF320q1t_7DLa6XjmMt?usp=drive_link', 51),
(34, '2024-10-04', '23:50:00', 'https://drive.google.com/drive/folders/1fJyBOq-Z_e3mPCF320q1t_7DLa6XjmMt?usp=drive_link', 50),
(35, '2024-10-04', '23:50:00', 'https://drive.google.com/drive/folders/1zsijQU8ZGUQhtHp0m7PcvvJCd8CeuCWe?usp=drive_link', 49),
(36, '2024-10-04', '23:50:00', 'https://drive.google.com/drive/folders/1RmiIIRM17Yz1zapN_G3Z2xo9Mt3GBNDs?usp=drive_link', 48),
(37, '2024-10-04', '23:51:00', 'https://drive.google.com/drive/folders/1r8IDj3fuzEJcLhb97rW6Mvt_Gf8eloOS?usp=drive_link', 47),
(38, '2024-10-05', '23:31:00', 'https://drive.google.com/drive/folders/1HOxmG--imPLsbyoxNc8p0R2vUbQNnxER?usp=drive_link', 60),
(39, '2024-10-05', '23:31:00', 'https://drive.google.com/drive/folders/1juEBVCEGKNPgV6uqisswrcABcUP5jih1?usp=drive_link', 59),
(40, '2024-10-05', '23:31:00', 'https://drive.google.com/drive/folders/1TsSDEC0y-0FUyo4vSnzPJTNpL7f-NTJ4?usp=drive_link', 58),
(41, '2024-10-05', '23:32:00', 'https://drive.google.com/drive/folders/1fJyBOq-Z_e3mPCF320q1t_7DLa6XjmMt?usp=drive_link', 57),
(42, '2024-10-05', '23:32:00', 'https://drive.google.com/drive/folders/1zsijQU8ZGUQhtHp0m7PcvvJCd8CeuCWe?usp=drive_link', 56),
(43, '2024-10-05', '23:32:00', 'https://drive.google.com/drive/folders/1r8IDj3fuzEJcLhb97rW6Mvt_Gf8eloOS?usp=drive_link', 55),
(44, '2024-10-05', '23:33:00', 'https://drive.google.com/drive/folders/1RmiIIRM17Yz1zapN_G3Z2xo9Mt3GBNDs?usp=drive_link', 54),
(45, '2024-10-06', '23:10:00', 'https://drive.google.com/drive/folders/1HOxmG--imPLsbyoxNc8p0R2vUbQNnxER?usp=drive_link', 67),
(46, '2024-10-06', '23:11:00', 'https://drive.google.com/drive/folders/1juEBVCEGKNPgV6uqisswrcABcUP5jih1?usp=drive_link', 66),
(47, '2024-10-06', '23:11:00', 'https://drive.google.com/drive/folders/1TsSDEC0y-0FUyo4vSnzPJTNpL7f-NTJ4?usp=drive_link', 65),
(48, '2024-10-06', '23:12:00', 'https://drive.google.com/drive/folders/1fJyBOq-Z_e3mPCF320q1t_7DLa6XjmMt?usp=drive_link', 64),
(49, '2024-10-06', '23:14:00', 'https://drive.google.com/drive/folders/1zsijQU8ZGUQhtHp0m7PcvvJCd8CeuCWe?usp=drive_link', 63),
(50, '2024-10-06', '23:14:00', 'https://drive.google.com/drive/folders/1RmiIIRM17Yz1zapN_G3Z2xo9Mt3GBNDs?usp=drive_link', 62),
(51, '2024-10-06', '23:15:00', 'https://drive.google.com/drive/folders/1r8IDj3fuzEJcLhb97rW6Mvt_Gf8eloOS?usp=drive_link', 61),
(52, '2024-10-06', '23:38:00', 'https://drive.google.com/drive/folders/1zsijQU8ZGUQhtHp0m7PcvvJCd8CeuCWe?usp=drive_link', 71),
(53, '2024-10-06', '23:38:00', 'https://drive.google.com/drive/folders/1RmiIIRM17Yz1zapN_G3Z2xo9Mt3GBNDs?usp=drive_link', 69),
(54, '2024-10-07', '00:07:00', 'https://drive.google.com/drive/folders/1HOxmG--imPLsbyoxNc8p0R2vUbQNnxER?usp=drive_link', 78),
(55, '2024-10-07', '00:07:00', 'https://drive.google.com/drive/folders/1HOxmG--imPLsbyoxNc8p0R2vUbQNnxER?usp=drive_link', 78),
(56, '2024-10-07', '00:07:00', 'https://drive.google.com/drive/folders/1juEBVCEGKNPgV6uqisswrcABcUP5jih1?usp=drive_link', 77),
(57, '2024-10-07', '00:07:00', 'https://drive.google.com/drive/folders/1TsSDEC0y-0FUyo4vSnzPJTNpL7f-NTJ4?usp=drive_link', 76),
(58, '2024-10-07', '00:08:00', 'https://drive.google.com/drive/folders/1fJyBOq-Z_e3mPCF320q1t_7DLa6XjmMt?usp=drive_link', 75),
(59, '2024-10-07', '00:08:00', 'https://drive.google.com/drive/folders/1RmiIIRM17Yz1zapN_G3Z2xo9Mt3GBNDs?usp=drive_link', 73),
(60, '2024-10-07', '00:08:00', 'https://drive.google.com/drive/folders/1r8IDj3fuzEJcLhb97rW6Mvt_Gf8eloOS?usp=drive_link', 72),
(61, '2024-10-07', '00:41:00', 'https://drive.google.com/drive/folders/1juEBVCEGKNPgV6uqisswrcABcUP5jih1?usp=drive_link', 86),
(62, '2024-10-07', '00:42:00', 'https://drive.google.com/drive/folders/1TsSDEC0y-0FUyo4vSnzPJTNpL7f-NTJ4?usp=drive_link', 85),
(63, '2024-10-07', '00:42:00', 'https://drive.google.com/drive/folders/1fJyBOq-Z_e3mPCF320q1t_7DLa6XjmMt?usp=drive_link', 84),
(64, '2024-10-07', '00:42:00', 'https://drive.google.com/drive/folders/1zsijQU8ZGUQhtHp0m7PcvvJCd8CeuCWe?usp=drive_link', 83),
(65, '2024-10-07', '00:42:00', 'https://drive.google.com/drive/folders/1RmiIIRM17Yz1zapN_G3Z2xo9Mt3GBNDs?usp=drive_link', 82),
(66, '2024-10-07', '00:59:00', 'https://drive.google.com/drive/folders/1juEBVCEGKNPgV6uqisswrcABcUP5jih1?usp=drive_link', 88),
(67, '2024-10-07', '01:00:00', 'https://drive.google.com/drive/folders/1fJyBOq-Z_e3mPCF320q1t_7DLa6XjmMt?usp=drive_link', 87),
(68, '2024-10-07', '01:12:00', 'https://drive.google.com/drive/folders/1HOxmG--imPLsbyoxNc8p0R2vUbQNnxER?usp=drive_link', 91),
(69, '2024-10-07', '01:12:00', 'https://drive.google.com/drive/folders/1r8IDj3fuzEJcLhb97rW6Mvt_Gf8eloOS?usp=drive_link', 90),
(70, '2024-10-07', '01:22:00', 'https://drive.google.com/drive/folders/1zsijQU8ZGUQhtHp0m7PcvvJCd8CeuCWe?usp=drive_link', 94),
(71, '2024-10-07', '01:23:00', 'https://drive.google.com/drive/folders/1RmiIIRM17Yz1zapN_G3Z2xo9Mt3GBNDs?usp=drive_link', 93),
(72, '2024-10-07', '01:23:00', 'https://drive.google.com/drive/folders/1r8IDj3fuzEJcLhb97rW6Mvt_Gf8eloOS?usp=drive_link', 92),
(73, '2024-10-07', '01:32:00', 'https://drive.google.com/drive/folders/1zsijQU8ZGUQhtHp0m7PcvvJCd8CeuCWe?usp=drive_link', 95),
(74, '2024-10-08', '00:16:00', 'https://onedrive/', 33),
(75, '2024-10-08', '06:45:00', 'https://onedrive/', 99);

-- --------------------------------------------------------

--
-- Table structure for table `type`
--

CREATE TABLE `type` (
  `type_id` int(11) NOT NULL COMMENT 'รหัสประเภทงาน',
  `type_work` varchar(50) NOT NULL COMMENT 'ประเภทงาน',
  `type_icon` text NOT NULL
) ENGINE=InnoDB DEFAULT CHARSET=utf8mb4 COLLATE=utf8mb4_general_ci;

--
-- Dumping data for table `type`
--

INSERT INTO `type` (`type_id`, `type_work`, `type_icon`) VALUES
(1, 'งานแต่ง', '29_09_2024_12_58_51-iconงานแต่ง.png'),
(2, 'งานบวช', '02_08_2024_00_24_57-iconพาพงานบวช.png'),
(3, 'งานพรีเวดดิ้ง', '23_09_2024_11_47_18-dadde024-95d9-4e4d-8627-7a3dd5398b49-Photoroom.png'),
(4, 'งานรับปริญญา', '02_08_2024_00_26_12-iconเรียนจบ.png'),
(5, 'ภาพถ่ายบุคคล', '02_08_2024_00_26_28-iconถ่ายภาพบุคคล.png'),
(6, 'ถ่ายสินค้า', '23_09_2024_11_40_41-02_08_2024_00_26_54-iconภาพถ่ารูปสินค้า.png'),
(7, 'งานอีเว้นท์', '25_09_2024_22_55_31-d3dc9469-5321-46b9-8657-f88bc74f5d29-Photoroom.png'),
(8, 'ภาพอาหาร', '23_09_2024_11_51_02-e1b0d97f-ad97-4e19-8758-0f798d71adfa-Photoroom.png');

-- --------------------------------------------------------

--
-- Table structure for table `type_of_work`
--

CREATE TABLE `type_of_work` (
  `type_of_work_id` int(11) NOT NULL COMMENT 'รหัสประเภทการรับงาน',
  `type_of_work_details` text NOT NULL COMMENT 'รายละเอียดการรับงาน',
  `type_of_work_rate_half_start` float(8,2) NOT NULL COMMENT 'ราคาเริ่มต้นครึ่งวัน',
  `type_of_work_rate_half_end` float(8,2) NOT NULL COMMENT 'ราคาสิ้นสุดครึ่งวัน',
  `type_of_work_rate_full_start` float(8,2) NOT NULL COMMENT 'ราคาเริ่มต้นเต็มวัน',
  `type_of_work_rate_full_end` float(8,2) NOT NULL COMMENT 'ราคาสิ้นสุดเต็มวัน',
  `photographer_id` int(11) NOT NULL COMMENT 'รหัสช่างภาพ',
  `type_id` int(11) NOT NULL COMMENT 'รหัสประเภทงาน'
) ENGINE=InnoDB DEFAULT CHARSET=utf8mb4 COLLATE=utf8mb4_general_ci;

--
-- Dumping data for table `type_of_work`
--

INSERT INTO `type_of_work` (`type_of_work_id`, `type_of_work_details`, `type_of_work_rate_half_start`, `type_of_work_rate_half_end`, `type_of_work_rate_full_start`, `type_of_work_rate_full_end`, `photographer_id`, `type_id`) VALUES
(1, ' ตจว.เพิ่มค่าที่พักและค่าน้ำมันตามระยะทางไป-กลับ เพิ่มเติม กิโลเมตรละ 4 บาท', 4500.00, 6500.00, 9000.00, 9000.00, 2, 1),
(2, 'สิ่งที่จะได้รับหลังจบงาน\r\nได้รูปที่ถ่ายส่วนหนึ่งไว้โพสอวดเพื่อนๆใน 24 ชั่วโมง\r\nไฟล์ทั้งหมด พร้อมแต่งสี', 3000.00, 4000.00, 6500.00, 7000.00, 2, 2),
(3, 'ตจว.เพิ่มค่าที่พักและค่าน้ำมันตามระยะทางไป-กลับ เพิ่มเติม กิโลเมตรละ 4 บาท', 7000.00, 7000.00, 12000.00, 12000.00, 2, 3),
(4, 'สำหรับถ่ายภาพเป็นกลุ่ม คนแรกราคาปกติ คนที่สองเป็นต้นไปเพิ่มคนละ 500 บาท', 3000.00, 4000.00, 5000.00, 6000.00, 2, 4),
(5, ' ราคาเป็นราคากลางที่ตั้งเอาไว้ สามารถตกลงกันก่อนได้ตามลักษณะงานได้', 1500.00, 1700.00, 2500.00, 2800.00, 2, 5),
(6, 'ไม่รวมค่าสตูดิโอ (ที่สตูดิโอ มีห้องแต่งหน้า ห้องทำผม แยกเป็นสัดส่วน มีที่จอดรถ)\r\nค่าสตูดิโอ 9,000-15,000 บาท แล้วแต่ Concept ของงาน\r\nไม่รวมช่างแต่งหน้า ช่างทำผม สไตลิสต์ นางแบบ นายแบบ เสื้อผ้า  (ลูกค้าจัดเตรียมมาเอง)', 15000.00, 18000.00, 25000.00, 28000.00, 2, 6),
(7, 'ทุกงานการันตี ส่งมอบไม่เกิน 30 วันหลังจากวันถ่ายภาพ', 3400.00, 5500.00, 6000.00, 8000.00, 2, 7),
(8, 'มีบริการถ่ายภาพมุมสูงด้วย Drone 5000 บาท', 8900.00, 10000.00, 15900.00, 18000.00, 1, 1),
(9, 'ช่างภาพมีโปร ราคาตามความเหมาะสม', 5000.00, 650.00, 7000.00, 890.00, 1, 2),
(10, 'ก่อนส่งงาน ไฟล์ทั้งหมด จะถูกปรับแต่งแก้ไข แสงสี ให้สมบูรณ์เหมาะสมที่สุด ก่อนส่งมอบงาน', 8000.00, 900.00, 10000.00, 12000.00, 1, 3),
(11, 'ราคาถูกสุดเพราะให้น้องนักศึกษาได้มีรูปสวยๆตอนจบ', 2500.00, 2600.00, 3000.00, 3200.00, 1, 4),
(12, 'ราคาขึ้นอยู่กับความเหมาะสม', 1500.00, 1800.00, 2500.00, 3000.00, 1, 5),
(13, 'ราคาขึ้นอยู่กับความยากง่ายของสินค้า', 12000.00, 15000.00, 20000.00, 25000.00, 1, 6),
(14, 'ราคาคุยกันได้', 8000.00, 10000.00, 12500.00, 16000.00, 1, 7),
(15, 'ราคาตามความเหมาะสม', 6500.00, 7500.00, 9000.00, 10000.00, 3, 1),
(16, 'รูปภาพส่งพร้อมแต่งเรียบร้อย', 2500.00, 3000.00, 4000.00, 5000.00, 3, 2),
(17, 'ไฟล์ทั้งหมดพร้อมแต่งสี ไม่มีค่าใช้จ่ายเพิ่ม', 5600.00, 8000.00, 9000.00, 10000.00, 3, 3),
(18, 'ราคาสามารถคุยกันได้', 2500.00, 4000.00, 9000.00, 12000.00, 3, 4),
(19, 'ได้รูปพร้อมแต่งภายใน48ชั่ซโมง', 500.00, 800.00, 1000.00, 3000.00, 3, 5),
(20, 'ราคาตามนี้เลยไม่บวกเพิ่ม', 7500.00, 8000.00, 10000.00, 13000.00, 3, 6),
(21, 'ส่งงายภายใน30วัน พร้อมแต่ง', 5300.00, 6000.00, 8000.00, 10000.00, 3, 7),
(22, 'ส่งภาพไม่เกืน30วัน', 8000.00, 10000.00, 10000.00, 13000.00, 6, 1),
(23, 'ราคาสามารถคุยกันได้', 8500.00, 10000.00, 10000.00, 12000.00, 6, 3),
(24, 'ส่งรูปภาพพร้อมแต่ง', 3000.00, 6000.00, 8000.00, 9000.00, 6, 5),
(25, 'งานบวชนอกสถานที่', 2000.00, 5000.00, 8000.00, 10000.00, 6, 2),
(26, 'งานแต่ง', 600.00, 900.00, 0.00, 0.00, 5, 1),
(27, 'งานบวช', 600.00, 900.00, 0.00, 0.00, 5, 2),
(28, 'พรีเวดดิ้ง', 600.00, 900.00, 0.00, 0.00, 5, 3);

-- --------------------------------------------------------

--
-- Structure for view `scor`
--
DROP TABLE IF EXISTS `scor`;

CREATE ALGORITHM=UNDEFINED DEFINER=`root`@`%` SQL SECURITY DEFINER VIEW `scor`  AS SELECT sum(`r`.`review_level`) AS `scor`, `p`.`photographer_id` AS `photographer_id`, `p`.`photographer_prefix` AS `photographer_prefix`, `p`.`photographer_name` AS `photographer_name`, `p`.`photographer_surname` AS `photographer_surname` FROM ((`review` `r` join `booking` `b` on(`r`.`booking_id` = `b`.`booking_id`)) join `photographer` `p` on(`b`.`photographer_id` = `p`.`photographer_id`)) ;

--
-- Indexes for dumped tables
--

--
-- Indexes for table `admin`
--
ALTER TABLE `admin`
  ADD PRIMARY KEY (`admin_id`);

--
-- Indexes for table `booking`
--
ALTER TABLE `booking`
  ADD PRIMARY KEY (`booking_id`),
  ADD KEY `cus_id` (`cus_id`),
  ADD KEY `photographer_id` (`photographer_id`),
  ADD KEY `type_of_work_id` (`type_of_work_id`);

--
-- Indexes for table `customer`
--
ALTER TABLE `customer`
  ADD PRIMARY KEY (`cus_id`);

--
-- Indexes for table `information`
--
ALTER TABLE `information`
  ADD PRIMARY KEY (`information_id`);

--
-- Indexes for table `pay`
--
ALTER TABLE `pay`
  ADD PRIMARY KEY (`pay_id`),
  ADD KEY `booking_id` (`booking_id`);

--
-- Indexes for table `photographer`
--
ALTER TABLE `photographer`
  ADD PRIMARY KEY (`photographer_id`);

--
-- Indexes for table `portfolio`
--
ALTER TABLE `portfolio`
  ADD PRIMARY KEY (`portfolio_id`);

--
-- Indexes for table `review`
--
ALTER TABLE `review`
  ADD PRIMARY KEY (`booking_id`);

--
-- Indexes for table `submit`
--
ALTER TABLE `submit`
  ADD PRIMARY KEY (`submit_id`);

--
-- Indexes for table `type`
--
ALTER TABLE `type`
  ADD PRIMARY KEY (`type_id`);

--
-- Indexes for table `type_of_work`
--
ALTER TABLE `type_of_work`
  ADD PRIMARY KEY (`type_of_work_id`);

--
-- AUTO_INCREMENT for dumped tables
--

--
-- AUTO_INCREMENT for table `admin`
--
ALTER TABLE `admin`
  MODIFY `admin_id` int(11) NOT NULL AUTO_INCREMENT COMMENT 'รหัสผู้ดูแลระบบ', AUTO_INCREMENT=25;

--
-- AUTO_INCREMENT for table `booking`
--
ALTER TABLE `booking`
  MODIFY `booking_id` int(11) NOT NULL AUTO_INCREMENT COMMENT 'รหัสจองคิว', AUTO_INCREMENT=100;

--
-- AUTO_INCREMENT for table `customer`
--
ALTER TABLE `customer`
  MODIFY `cus_id` int(11) NOT NULL AUTO_INCREMENT COMMENT 'รหัสลูกค้า', AUTO_INCREMENT=9;

--
-- AUTO_INCREMENT for table `information`
--
ALTER TABLE `information`
  MODIFY `information_id` int(11) NOT NULL AUTO_INCREMENT COMMENT 'รหัสระบบ', AUTO_INCREMENT=2;

--
-- AUTO_INCREMENT for table `pay`
--
ALTER TABLE `pay`
  MODIFY `pay_id` int(11) NOT NULL AUTO_INCREMENT COMMENT 'รหัสชำระเงิน', AUTO_INCREMENT=155;

--
-- AUTO_INCREMENT for table `photographer`
--
ALTER TABLE `photographer`
  MODIFY `photographer_id` int(11) NOT NULL AUTO_INCREMENT COMMENT 'รหัสช่างภาพ', AUTO_INCREMENT=7;

--
-- AUTO_INCREMENT for table `portfolio`
--
ALTER TABLE `portfolio`
  MODIFY `portfolio_id` int(11) NOT NULL AUTO_INCREMENT COMMENT 'รหัสผลงาน', AUTO_INCREMENT=40;

--
-- AUTO_INCREMENT for table `submit`
--
ALTER TABLE `submit`
  MODIFY `submit_id` int(11) NOT NULL AUTO_INCREMENT COMMENT 'รหัสส่งงาน', AUTO_INCREMENT=76;

--
-- AUTO_INCREMENT for table `type`
--
ALTER TABLE `type`
  MODIFY `type_id` int(11) NOT NULL AUTO_INCREMENT COMMENT 'รหัสประเภทงาน', AUTO_INCREMENT=9;

--
-- AUTO_INCREMENT for table `type_of_work`
--
ALTER TABLE `type_of_work`
  MODIFY `type_of_work_id` int(11) NOT NULL AUTO_INCREMENT COMMENT 'รหัสประเภทการรับงาน', AUTO_INCREMENT=29;

--
-- Constraints for dumped tables
--

--
-- Constraints for table `portfolio`
--
ALTER TABLE `portfolio`
  ADD CONSTRAINT `portfolio_ibfk_1` FOREIGN KEY (`type_of_work_id`) REFERENCES `type_of_work` (`type_of_work_id`);

--
-- Constraints for table `type_of_work`
--
ALTER TABLE `type_of_work`
  ADD CONSTRAINT `type_of_work_ibfk_1` FOREIGN KEY (`photographer_id`) REFERENCES `photographer` (`photographer_id`),
  ADD CONSTRAINT `type_of_work_ibfk_2` FOREIGN KEY (`type_id`) REFERENCES `type` (`type_id`);
COMMIT;

/*!40101 SET CHARACTER_SET_CLIENT=@OLD_CHARACTER_SET_CLIENT */;
/*!40101 SET CHARACTER_SET_RESULTS=@OLD_CHARACTER_SET_RESULTS */;
/*!40101 SET COLLATION_CONNECTION=@OLD_COLLATION_CONNECTION */;
